idx,ts_system,world_frame,base_frame,x,y,z,qx,qy,qz,qw,yaw_rad,basename,original_timestamp
0,0.000000000,map3d,camera,0.000057690,0.000329546,-0.001643898,-0.000042629563,0.000184728765,0.000029712834,0.999999981588,0.000059409921,000000,0.000000000
1,1.000000000,map3d,camera,0.007812500,-0.003540039,0.099609375,-0.000464927737,-0.017268097570,-0.000808510980,0.999850460298,-0.001601679241,000001,0.797966675
2,2.000000000,map3d,camera,-0.004211426,-0.000823975,0.145507812,0.000252534890,0.004518219520,0.000269997758,0.999989724457,0.000542294150,000002,1.595933351
3,3.000000000,map3d,camera,-0.016601562,-0.001342773,0.210937500,0.000386955535,0.039952470875,-0.000132745367,0.999201497554,-0.000235109648,000003,2.393900026
4,4.000000000,map3d,camera,-0.009942086,-0.001655921,0.295232981,0.000838964728,0.021604621109,-0.000222232009,0.999766216222,-0.000408490431,000004,3.191866701
5,5.000000000,map3d,camera,-0.005737305,0.000293732,0.380859375,0.001130446120,0.007594442397,-0.000367956845,0.999970455136,-0.000718804717,000005,3.989833377
6,6.000000000,map3d,camera,-0.007564027,-0.000939160,0.456236184,0.001333072549,0.010897701787,-0.001291699726,0.999938895396,-0.002554796523,000006,4.787800052
7,7.000000000,map3d,camera,-0.014160156,-0.003250122,0.496093750,0.000673247458,0.041158417552,0.000107856323,0.999152400672,0.000271870514,000007,5.585766727
8,8.000000000,map3d,camera,-0.027362943,-0.007108356,0.566200137,0.001139167323,0.090375513718,0.000261479763,0.995907074202,0.000738793256,000008,6.383733403
9,9.000000000,map3d,camera,-0.007060694,-0.007454638,0.636129141,0.000099818413,0.067797792198,0.000032738844,0.997699077046,0.000079593675,000009,7.181700078
10,10.000000000,map3d,camera,0.004969759,-0.007030391,0.725342393,-0.001668937637,0.046714767151,-0.000412301211,0.998906790038,-0.000983923415,000010,7.979666753
11,11.000000000,map3d,camera,0.005363949,-0.007643958,0.766918838,-0.001772875821,0.056440868837,-0.000182935707,0.998404352840,-0.000569038317,000011,8.777633429
12,12.000000000,map3d,camera,0.010574188,-0.008386425,0.840101004,-0.001787797214,0.070016383650,-0.000080064931,0.997544236308,-0.000414147339,000012,9.575600104
13,13.000000000,map3d,camera,0.018111920,-0.006010647,0.912942946,-0.001803522084,0.083936546473,0.000193213423,0.996469450682,0.000083475956,000013,10.373566779
14,14.000000000,map3d,camera,0.023943851,-0.009115679,0.972339153,-0.000739244318,0.112910121715,-0.000207738104,0.993604908793,-0.000594924538,000014,11.171533455
15,15.000000000,map3d,camera,0.033795692,-0.008869265,1.048358202,-0.000907253362,0.140772247956,0.000391837965,0.990041513049,0.000541917809,000015,11.969500130
16,16.000000000,map3d,camera,0.055613063,-0.006677227,1.116163969,-0.000150684163,0.163554705203,-0.000067071123,0.986534252422,-0.000191892427,000016,12.767466805
17,17.000000000,map3d,camera,0.058296151,-0.007408977,1.155190706,0.000220066991,0.170837404144,-0.000382975719,0.985299135413,-0.000721621699,000017,13.565433481
18,18.000000000,map3d,camera,0.078438163,-0.007927092,1.216928959,0.001207682756,0.142160313537,0.000210931036,0.989842887667,0.000792998495,000018,14.363400156
19,19.000000000,map3d,camera,0.112689629,-0.005274704,1.295686841,-0.000295511189,0.105498871756,-0.000235871464,0.994419350725,-0.000543562207,000019,15.161366831
20,20.000000000,map3d,camera,0.119128957,-0.006460687,1.350047946,-0.000191398745,0.104845341228,-0.000191905003,0.994488502177,-0.000431311603,000020,15.959333506
21,21.000000000,map3d,camera,0.128971696,-0.008359850,1.421955228,0.001239604869,0.129172892966,0.000168041385,0.991621298110,0.000676074946,000021,16.757300182
22,22.000000000,map3d,camera,0.146095052,-0.007183887,1.499160767,0.000976985201,0.131257671805,-0.000068214086,0.991347801954,0.000125552002,000022,17.555266857
23,23.000000000,map3d,camera,0.167373180,-0.007648859,1.585912108,0.001134064232,0.119138668323,-0.000248150017,0.992876946066,-0.000229045228,000023,18.353233532
24,24.000000000,map3d,camera,0.197261274,-0.010927175,1.707040906,0.000361136555,0.101621013016,0.000471004321,0.994823008102,0.001031841397,000024,19.151200208
25,25.000000000,map3d,camera,0.223602682,-0.009104511,1.825862408,0.000191731393,0.087985841430,-0.000051812329,0.996121705547,-0.000070576209,000025,19.949166883
26,26.000000000,map3d,camera,0.232222557,-0.010185353,1.919513345,0.001707573247,0.141040247673,0.001126245320,0.990001749646,0.002823994521,000026,20.747133558
27,27.000000000,map3d,camera,0.229854092,-0.013151832,1.971068382,0.002162806287,0.186534713653,0.001438632593,0.982444936476,0.003905408116,000027,21.545100234
28,28.000000000,map3d,camera,0.264917195,-0.010978499,2.030812740,0.002674444384,0.142893756392,0.000846819022,0.989734057527,0.002544482099,000028,22.343066909
29,29.000000000,map3d,camera,0.287488073,-0.013868992,2.099607468,0.002315591785,0.126752508126,0.001358380567,0.991930740788,0.003390807733,000029,23.141033584
30,30.000000000,map3d,camera,0.309907526,-0.014120756,2.191278934,0.002028635086,0.133872577144,0.001307085681,0.990995615155,0.003250292252,000030,23.939000260
31,31.000000000,map3d,camera,0.334496737,-0.014993113,2.288970470,0.002628359635,0.141427405495,0.001470598182,0.989944047935,0.003807370664,000031,24.736966935
32,32.000000000,map3d,camera,0.364224285,-0.015191087,2.394361496,0.002923766951,0.141927931339,0.001450851987,0.989871612342,0.003857654266,000032,25.534933610
33,33.000000000,map3d,camera,0.407449752,-0.014917816,2.540606499,0.003158059356,0.124851573147,0.001812804321,0.992168748290,0.004526923334,000033,26.332900286
34,34.000000000,map3d,camera,0.419278383,-0.017269365,2.658471107,0.004129765648,0.178025598857,0.002343832780,0.984014399099,0.006494805456,000034,27.130866961
35,35.000000000,map3d,camera,0.453612447,-0.020441104,2.745764971,0.003477293373,0.144856368653,0.001178697436,0.989445881069,0.003486232791,000035,27.928833636
36,36.000000000,map3d,camera,0.488166213,-0.021463621,2.833626986,0.003317970828,0.118323354318,0.001425951717,0.992968550134,0.003721233363,000036,28.726800312
37,37.000000000,map3d,camera,0.497328520,-0.020405261,2.913548946,0.004791639653,0.147467368540,0.001260355757,0.989054511596,0.004083957935,000037,29.524766987
38,38.000000000,map3d,camera,0.520366251,-0.021083234,3.006631374,0.003851312764,0.183179003247,0.002831529897,0.983067954212,0.007480104724,000038,30.322733662
39,39.000000000,map3d,camera,0.537934601,-0.024546258,3.068136692,0.005008060804,0.197114190054,0.002731633690,0.980363939353,0.007947888904,000039,31.120700338
40,40.000000000,map3d,camera,0.587671340,-0.024576148,3.145776749,0.003660508688,0.105990408789,0.000942288836,0.994359968026,0.002710810859,000040,31.918667013
41,41.000000000,map3d,camera,0.601796567,-0.022058923,3.214370728,0.003517352067,0.121307777210,0.001378372885,0.992607753098,0.003698582789,000041,32.716633688
42,42.000000000,map3d,camera,0.597122192,-0.024935856,3.289958715,0.004846056111,0.189724979139,0.001590566293,0.981824026050,0.005347069565,000042,33.514600364
43,43.000000000,map3d,camera,0.630281568,-0.025424220,3.341352701,0.004590958743,0.138450698613,0.001781061139,0.990357084577,0.004990322707,000043,34.312567039
44,44.000000000,map3d,camera,0.658288836,-0.024629537,3.423329830,0.003518396929,0.124394949273,0.001133793224,0.992225897662,0.003225108391,000044,35.110533714
45,45.000000000,map3d,camera,0.674145818,-0.026685730,3.513859987,0.004238148068,0.140339265740,0.001176432442,0.990093704959,0.003663410838,000045,35.908500390
46,46.000000000,map3d,camera,0.693617344,-0.029065359,3.589900017,0.003589086869,0.153813793493,0.001084220423,0.988092738488,0.003407974611,000046,36.706467065
47,47.000000000,map3d,camera,0.711913824,-0.032454252,3.661247730,0.003651089187,0.149143733453,0.000919178910,0.988808359304,0.003042194137,000047,37.504433740
48,48.000000000,map3d,camera,0.744076014,-0.031024650,3.754034519,0.004043409895,0.131342309117,0.000345038257,0.991328769693,0.001808633574,000048,38.302400416
49,49.000000000,map3d,camera,0.767686069,-0.029905386,3.831593513,0.002265368406,0.116508717253,-0.000408128879,0.993187001697,-0.000290718951,000049,39.100367091
50,50.000000000,map3d,camera,0.783150256,-0.031252936,3.898674965,0.002226393353,0.114918544733,-0.000453839089,0.993372319566,-0.000400533871,000050,39.898333766
51,51.000000000,map3d,camera,0.800797880,-0.034834500,3.981388569,0.002531191182,0.112981627628,-0.000581935973,0.993593682669,-0.000599771946,000051,40.696300442
52,52.000000000,map3d,camera,0.811944425,-0.034805942,4.048084736,0.002421968336,0.126608811790,-0.000176266831,0.991949752647,0.000272319858,000052,41.494267117
53,53.000000000,map3d,camera,0.827728510,-0.035080582,4.115069866,0.002736924100,0.150529420455,0.000355079726,0.988601677493,0.001598479355,000053,42.292233792
54,54.000000000,map3d,camera,0.859218776,-0.035678320,4.202305794,0.002914559342,0.115636498207,-0.001039341795,0.993286779030,-0.001428885743,000054,43.090200468
55,55.000000000,map3d,camera,0.885054350,-0.033197451,4.287630081,0.001409210708,0.073166338391,-0.000187066802,0.997318738447,-0.000168723346,000055,43.888167143
56,56.000000000,map3d,camera,0.890721798,-0.034015648,4.336647034,0.001267786734,0.090293428521,-0.000864819583,0.995914023182,-0.001518385908,000056,44.686133818
57,57.000000000,map3d,camera,0.895025969,-0.035250030,4.389988899,0.001746208644,0.129091515526,0.000698347708,0.991630900933,0.001899144459,000057,45.484100494
58,58.000000000,map3d,camera,0.906432629,-0.037076853,4.468367577,0.000646388644,0.109952765582,0.000193075336,0.993936584619,0.000538985969,000058,46.282067169
59,59.000000000,map3d,camera,0.941403389,-0.036002979,4.573178291,0.000725179376,0.083931711211,0.000678431048,0.996471013978,0.001494866387,000059,47.080033844
60,60.000000000,map3d,camera,0.943089962,-0.037748985,4.634885311,0.000739591751,0.122634479775,0.000392154857,0.992451552263,0.000989552470,000060,47.878000519
61,61.000000000,map3d,camera,0.954375505,-0.036583461,4.726748943,0.000522893308,0.151774268245,0.001717629757,0.988413551015,0.003725838672,000061,48.675967195
62,62.000000000,map3d,camera,0.971783280,-0.038109474,4.787722588,0.001656484317,0.167246292396,0.001668766383,0.985912343445,0.004072419836,000062,49.473933870
63,63.000000000,map3d,camera,0.995653272,-0.037518121,4.869525909,0.001075661360,0.164354782476,0.001403954626,0.986399704654,0.003301675695,000063,50.271900545
64,64.000000000,map3d,camera,1.022484541,-0.038481049,4.947329998,0.000746852255,0.154284164280,0.001735642689,0.988024709412,0.003843136824,000064,51.069867221
65,65.000000000,map3d,camera,1.048880100,-0.038862184,5.045187473,0.000654916242,0.138948412634,0.001550493054,0.990298190285,0.003383554201,000065,51.867833896
66,66.000000000,map3d,camera,1.085746169,-0.039953850,5.159435272,-0.000689142883,0.115995951015,0.000671223698,0.993249220432,0.001205962373,000066,52.665800571
67,67.000000000,map3d,camera,1.100500703,-0.037127823,5.262422562,0.000457177012,0.131126442492,0.000368102104,0.991365478302,0.000880005322,000067,53.463767247
68,68.000000000,map3d,camera,1.132960320,-0.041715648,5.393147469,0.000085960697,0.097365618336,0.000580228111,0.995248507817,0.001194326383,000068,54.261733922
69,69.000000000,map3d,camera,1.178694487,-0.044130169,5.514681339,-0.000136588480,0.018308189337,-0.000973720787,0.999831907580,-0.001953426357,000069,55.059700597
70,70.000000000,map3d,camera,1.185368776,-0.041208312,5.631422997,-0.000546030028,-0.061628037383,-0.002012036269,0.998097008597,-0.003979351895,000070,55.857667273
71,71.000000000,map3d,camera,1.165549874,-0.038093373,5.720908642,-0.001339538730,-0.065814651196,-0.003578492127,0.997824549567,-0.007026024787,000071,56.655633948
72,72.000000000,map3d,camera,1.156044483,-0.043450411,5.779097080,-0.000799254559,-0.038338229207,-0.001972007939,0.999262554366,-0.003891272995,000072,57.453600623
73,73.000000000,map3d,camera,1.140748501,-0.041757315,5.833373070,0.001404519431,0.013119011111,-0.000915125763,0.999912536884,-0.001793858191,000073,58.251567299
74,74.000000000,map3d,camera,1.117542863,-0.046523105,5.935106754,0.002237480969,0.086386691393,-0.001486962567,0.996258060028,-0.002615258999,000074,59.049533974
75,75.000000000,map3d,camera,1.149206758,-0.043237567,6.056086540,0.002270046310,0.103587177247,-0.000952796031,0.994617331329,-0.001456294104,000075,59.847500649
76,76.000000000,map3d,camera,1.184668660,-0.049636308,6.180575848,0.002190513278,0.077960686252,-0.000790075329,0.996953714488,-0.001248972328,000076,60.645467325
77,77.000000000,map3d,camera,1.176528215,-0.048419923,6.280354023,0.003714336440,0.152092745410,0.001068462767,0.988358669151,0.003399151113,000077,61.443434000
78,78.000000000,map3d,camera,1.163036823,-0.049586527,6.359853745,0.005320961063,0.236049162175,0.001506030793,0.971725379046,0.006120986337,000078,62.241400675
79,79.000000000,map3d,camera,1.185418844,-0.051043294,6.426408291,0.005600884023,0.239177908227,0.002346469503,0.970956771641,0.008170601322,000079,63.039367351
80,80.000000000,map3d,camera,1.253212452,-0.047349475,6.529926300,0.006675286849,0.215066406572,0.001796727314,0.976574960298,0.007030884880,000080,63.837334026
81,81.000000000,map3d,camera,1.314873934,-0.046416748,6.656325340,0.005781973668,0.178378140714,0.000610903825,0.983944833053,0.003486829297,000081,64.635300701
82,82.000000000,map3d,camera,1.358202696,-0.050915495,6.752889633,0.006445541142,0.167912943224,0.000727744062,0.985780487170,0.003814453095,000082,65.433267377
83,83.000000000,map3d,camera,1.366312861,-0.050021078,6.839463711,0.006980394298,0.228009604076,0.001724794751,0.973632332879,0.007300874198,000083,66.231234052
84,84.000000000,map3d,camera,1.400831342,-0.051671512,6.902752876,0.007908423012,0.258649991547,0.001723910153,0.965937196122,0.008567618552,000084,67.029200727
85,85.000000000,map3d,camera,1.426588178,-0.057754248,6.964035034,0.006943487337,0.247362690428,0.001147822242,0.968897399043,0.006448440119,000085,67.827167403
86,86.000000000,map3d,camera,1.500935912,-0.054032262,7.065529823,0.007521308995,0.255554213194,0.000646654164,0.966765253755,0.005859868631,000086,68.625134078
87,87.000000000,map3d,camera,1.535438299,-0.058278896,7.164875031,0.007321123322,0.261301434728,0.000334934370,0.965229428261,0.005179933837,000087,69.423100753
88,88.000000000,map3d,camera,1.632227182,-0.055327199,7.286467552,0.007429054086,0.223155011243,0.000960949455,0.974754187828,0.005762963446,000088,70.221067429
89,89.000000000,map3d,camera,1.681884766,-0.062558383,7.443788528,0.004872792293,0.177134998587,0.000745259016,0.984174218703,0.003407006966,000089,71.019034104
90,90.000000000,map3d,camera,1.729234695,-0.064383693,7.557627678,0.004890408028,0.141145676858,0.001811817191,0.989975100259,0.005173970072,000090,71.817000779
91,91.000000000,map3d,camera,1.741240501,-0.063043743,7.647744179,0.003243846637,0.174160717931,0.000319444401,0.984711846046,0.001872621564,000091,72.614967455
92,92.000000000,map3d,camera,1.788876891,-0.064303562,7.767674923,0.004354085270,0.199903405356,0.000097469504,0.979805930258,0.002099598189,000092,73.412934130
93,93.000000000,map3d,camera,1.823973775,-0.071006641,7.867728233,0.003828076246,0.156730151967,0.000814294881,0.987633708528,0.002953497266,000093,74.210900805
94,94.000000000,map3d,camera,1.862209797,-0.070123747,7.978197098,0.003760018671,0.104123291340,-0.001058796340,0.994556726090,-0.001352381346,000094,75.008867481
95,95.000000000,map3d,camera,1.895305634,-0.073164448,8.104454994,0.002352199029,0.018770310166,0.000785909892,0.999820746415,0.001661011995,000095,75.806834156
96,96.000000000,map3d,camera,1.854654551,-0.072418056,8.251467705,0.003776959926,0.062983466554,0.000594333759,0.998007246608,0.001675362531,000096,76.604800831
97,97.000000000,map3d,camera,1.865314722,-0.071010806,8.370432854,0.003350464402,0.022657744677,0.001974299074,0.999735716646,0.004103604877,000097,77.402767507
98,98.000000000,map3d,camera,1.878504515,-0.068590440,8.425454140,0.003620695383,-0.024929858334,0.001288250702,0.999681815949,0.002398139001,000098,78.200734182
99,99.000000000,map3d,camera,1.914280891,-0.071219221,8.387086868,0.003541876077,0.015665764119,0.001965301541,0.999869079699,0.004043054552,000099,78.998700857
100,100.000000000,map3d,camera,1.898967385,-0.074094176,8.465914726,0.003848345815,0.157378853736,-0.000279740476,0.987530763256,0.000693126727,000100,79.796667532
101,101.000000000,map3d,camera,1.897950411,-0.076689243,8.534883499,0.004146876646,0.236664125011,-0.000692153172,0.971582428964,0.000695811376,000101,80.594634208
102,102.000000000,map3d,camera,1.902480364,-0.072158471,8.546926498,0.007536838932,0.323061930085,-0.000276521897,0.946347773772,0.005492892298,000102,81.392600883
103,103.000000000,map3d,camera,1.920824289,-0.070525274,8.589650154,0.008475693979,0.330459472618,-0.000791386562,0.943781793253,0.005255833455,000103,82.190567558
104,104.000000000,map3d,camera,1.910349607,-0.079192579,8.638750076,0.007755374772,0.346849637617,-0.000246057928,0.937888651442,0.006476613779,000104,82.988534234
105,105.000000000,map3d,camera,1.953705549,-0.080921613,8.688960075,0.006322013620,0.346501892466,0.000735835112,0.938027680406,0.007582247958,000105,83.786500909
106,106.000000000,map3d,camera,2.009959221,-0.080464661,8.729761124,0.006261968906,0.319346812167,0.002018644850,0.947615072895,0.009830097942,000106,84.584467584
107,107.000000000,map3d,camera,2.064249039,-0.079386607,8.771776199,0.007069864308,0.248957557669,0.000100192775,0.968488586128,0.004239806526,000107,85.382434260
108,108.000000000,map3d,camera,2.141315460,-0.074010625,8.864019394,0.007584894891,0.167226674832,-0.001542047067,0.985888092374,-0.000533626124,000108,86.180400935
109,109.000000000,map3d,camera,2.128379107,-0.075759515,8.878464699,0.007615958913,0.100717484722,0.000194339117,0.994885896811,0.001960585026,000109,86.978367610
110,110.000000000,map3d,camera,2.171696424,-0.079993606,8.940592766,0.006306130536,0.063735108851,0.000389770656,0.997946850637,0.001594739965,000110,87.776334286
111,111.000000000,map3d,camera,2.132373810,-0.087422915,8.986753464,0.003544909194,-0.023740710684,0.001080519143,0.999711280697,0.001994347154,000111,88.574300961
112,112.000000000,map3d,camera,2.085542917,-0.095477536,9.037778854,0.002606017981,-0.089918602681,0.002283765992,0.995943089727,0.004147429676,000112,89.372267636
113,113.000000000,map3d,camera,2.083657980,-0.080713026,9.104455948,0.004390948198,-0.168424676747,0.002069070638,0.985702575214,0.002756279521,000113,90.170234312
114,114.000000000,map3d,camera,2.127663851,-0.083506338,9.176019669,0.002391742970,-0.221195407662,-0.001781371068,0.975224947339,-0.005024195625,000114,90.968200987
115,115.000000000,map3d,camera,2.025689602,-0.088179864,9.198294640,0.001110402520,-0.301263786195,-0.000230983884,0.953540164220,-0.001355625140,000115,91.766167662
116,116.000000000,map3d,camera,2.089502335,-0.074310899,9.322545052,0.002865413029,-0.373923181298,-0.002198445190,0.927452646088,-0.008635543406,000116,92.564134338
117,117.000000000,map3d,camera,1.961484432,-0.086483113,9.340464592,0.001276502208,-0.446863685324,-0.004794177890,0.894588303712,-0.016180412615,000117,93.362101013
118,118.000000000,map3d,camera,2.009588242,-0.078424454,9.452667236,-0.000256680524,-0.513499272524,-0.004669688860,0.858077283955,-0.016398034650,000118,94.160067688
119,119.000000000,map3d,camera,1.800445795,-0.094989985,9.431829453,-0.000014424124,-0.585850772843,-0.006428988265,0.810393447568,-0.033174256008,000119,94.958034364
120,120.000000000,map3d,camera,1.932656169,-0.075286254,9.534333229,-0.000680001663,-0.617004587024,-0.005570707095,0.786939543047,-0.033224144526,000120,95.756001039
121,121.000000000,map3d,camera,1.898822308,-0.081505172,9.613975525,-0.002223093594,-0.666106228319,-0.004365147885,0.745840797982,-0.031524387295,000121,96.553967714
122,122.000000000,map3d,camera,1.824972630,-0.074004263,9.586635590,-0.002263290939,-0.704151693985,-0.005695299760,0.710023121407,-0.534592387667,000122,97.351934390
123,123.000000000,map3d,camera,1.742772341,-0.079634950,9.647066116,0.004932172911,0.768625061758,0.005651758014,-0.639655568052,3.139656737258,000123,98.149901065
124,124.000000000,map3d,camera,1.670351505,-0.071565516,9.616877556,0.002935628241,0.810623119773,0.006045689721,-0.585529665698,-3.134209592121,000124,98.947867740
125,125.000000000,map3d,camera,1.601018906,-0.057384312,9.584475517,0.002137800994,0.859230819718,0.005994836129,-0.511548521837,-3.136432333509,000125,99.745834416
126,126.000000000,map3d,camera,1.503893137,-0.066477053,9.586610794,0.004999826655,0.911318703511,0.006773068943,-0.411615534086,3.136242386363,000126,100.543801091
127,127.000000000,map3d,camera,1.371793032,-0.065539092,9.531961441,0.008092032315,0.953831067582,0.008696879463,-0.300108610035,3.129129757707,000127,101.341767766
128,128.000000000,map3d,camera,1.301895618,-0.060464509,9.492948532,0.006547190009,0.975160201721,0.007302771724,-0.221283494207,3.131019490850,000128,102.139734442
129,129.000000000,map3d,camera,1.261904240,-0.064919539,9.442863464,0.009988925323,0.987419318944,0.009926777508,-0.157495298452,3.124124599937,000129,102.937701117
130,130.000000000,map3d,camera,1.239216805,-0.063734345,9.408279419,0.009206747441,0.995013845607,0.009089301297,-0.098894223560,3.124737753294,000130,103.735667792
131,131.000000000,map3d,camera,1.186343193,-0.058717124,9.322189331,0.012472530962,0.999827814590,0.009593156115,-0.009836081511,3.116833168857,000131,104.533634468
132,132.000000000,map3d,camera,1.194434881,-0.059638157,9.256917000,0.009699386123,0.998598503438,0.010707606831,-0.050914614760,3.123214734200,000132,105.331601143
133,133.000000000,map3d,camera,1.176346183,-0.061890621,9.219904900,0.011405043691,0.999342940059,0.011432713107,-0.032448516194,3.119490801848,000133,106.129567818
134,134.000000000,map3d,camera,1.162815571,-0.065201253,9.148932457,0.011813892091,0.999862937783,0.011112774416,-0.003323228237,3.118039228788,000134,106.927534494
135,135.000000000,map3d,camera,1.172900796,-0.053343676,9.038936615,0.011812673797,0.999213888602,0.009749943468,0.036565067559,3.117205667969,000135,107.725501169
136,136.000000000,map3d,camera,1.150845766,-0.054305471,9.034922600,0.013173915567,0.999080902699,0.010044839256,0.039533517608,3.114387031266,000136,108.523467844
137,137.000000000,map3d,camera,1.169892788,-0.056182764,8.953853607,0.014050536979,0.997641188575,0.009589004932,0.066503325126,3.112017730696,000137,109.321434520
138,138.000000000,map3d,camera,1.185666561,-0.047396548,8.880757332,0.011922914308,0.995834837748,0.008333636168,0.090007613849,3.115928380270,000138,110.119401195
139,139.000000000,map3d,camera,1.196350932,-0.051124822,8.820198059,0.012549702382,0.998149235441,0.009020520200,0.058815295410,3.115294405674,000139,110.917367870
140,140.000000000,map3d,camera,1.223231435,-0.047590241,8.767970085,0.011268715817,0.999748144237,0.008925837967,0.017233500935,3.118737848217,000140,111.715334545
141,141.000000000,map3d,camera,1.239670873,-0.046621893,8.673570633,0.009748870211,0.998934199544,0.009152716834,-0.044177508819,3.122849846853,000141,112.513301221
142,142.000000000,map3d,camera,1.224095821,-0.043303128,8.576951981,0.011704210029,0.999866794927,0.007548369954,0.008510345490,3.118053361078,000142,113.311267896
143,143.000000000,map3d,camera,1.226162314,-0.047467232,8.520377159,0.010692795359,0.999886170661,0.008883793332,-0.005864133740,3.120310571077,000143,114.109234571
144,144.000000000,map3d,camera,1.251678705,-0.042889826,8.421599388,0.012134167213,0.997649125625,0.006972205256,-0.067084815559,3.118102766647,000144,114.907201247
145,145.000000000,map3d,camera,1.251552582,-0.045594476,8.357490540,0.010930912630,0.995702189669,0.006543545822,-0.091732473238,3.120671197219,000145,115.705167922
146,146.000000000,map3d,camera,1.252629995,-0.035411254,8.269779205,0.011609869814,0.992632169812,0.008184715190,-0.120331196351,3.119882496800,000146,116.503134597
147,147.000000000,map3d,camera,1.238963723,-0.040777903,8.219055176,0.011952407281,0.990511740373,0.008241992640,-0.136659071052,3.119333093186,000147,117.301101273
148,148.000000000,map3d,camera,1.218792200,-0.035458595,8.099372864,0.012583108891,0.985294898403,0.008044947325,-0.170208423337,3.118174892114,000148,118.099067948
149,149.000000000,map3d,camera,1.205112100,-0.026550390,8.014144897,0.011018363557,0.978271387912,0.008398644826,-0.206865052686,3.121814328128,000149,118.897034623
150,150.000000000,map3d,camera,1.178822279,-0.027524270,7.921205521,0.012428046687,0.967059137320,0.008431410553,-0.254108401865,3.118907037050,000150,119.695001299
151,151.000000000,map3d,camera,1.149818420,-0.011076598,7.830234528,0.009435065483,0.949035046096,0.007946362539,-0.314929065256,3.125494284970,000151,120.492967974
152,152.000000000,map3d,camera,1.103677869,-0.017662037,7.765604019,0.010879936891,0.927570097764,0.009776511952,-0.373362773347,3.123724811771,000152,121.290934649
153,153.000000000,map3d,camera,1.075762033,-0.009231734,7.687828541,0.009360551784,0.899551313462,0.008886022656,-0.436624384478,3.126912620289,000153,122.088901325
154,154.000000000,map3d,camera,1.019117713,0.001324631,7.624392986,0.008420032934,0.867596686801,0.008546085575,-0.497123783899,3.129501605215,000154,122.886868000
155,155.000000000,map3d,camera,0.955902815,0.006634953,7.574557781,0.006508703957,0.855014622352,0.008052101133,-0.518500526522,3.135578320568,000155,123.684834675
156,156.000000000,map3d,camera,0.889137924,0.000332121,7.520845413,0.006823349039,0.841082993398,0.008242589378,-0.540800240241,3.135416928341,000156,124.482801351
157,157.000000000,map3d,camera,0.812072754,0.009870279,7.479785919,0.005556712373,0.827121226244,0.007043643503,-0.561951943791,3.138129269746,000157,125.280768026
158,158.000000000,map3d,camera,0.746223986,0.008188020,7.435963631,0.004829627267,0.795805529647,0.006870529698,-0.605494037547,-3.139218364634,000158,126.078734701
159,159.000000000,map3d,camera,0.694441915,0.010620905,7.406886101,0.003865780604,0.751107962756,0.006207618365,-0.660138886523,-3.122992930483,000159,126.876701377
160,160.000000000,map3d,camera,0.632647991,0.013297744,7.382508278,-0.003342576292,-0.700167180636,-0.005502271836,0.713949908151,-0.161686487206,000160,127.674668052
161,161.000000000,map3d,camera,0.571733713,0.007486965,7.370719910,-0.002122308462,-0.663487548460,-0.005650091408,0.748162980448,-0.047144173873,000161,128.472634727
162,162.000000000,map3d,camera,0.469673693,0.011859719,7.393239975,-0.002532694493,-0.671433263533,-0.003660269357,0.741051658461,-0.020579509486,000162,129.270601403
163,163.000000000,map3d,camera,0.406481653,0.010392796,7.386746883,-0.001496911559,-0.651674211764,-0.003567465606,0.758489125938,-0.022973401178,000163,130.068568078
164,164.000000000,map3d,camera,0.323319316,0.010687968,7.374911308,-0.000370854991,-0.601118695449,-0.004414023468,0.799147478783,-0.023831345835,000164,130.866534753
165,165.000000000,map3d,camera,0.259790480,0.008330209,7.382782936,-0.000133438439,-0.565634848457,-0.004595822712,0.824643000831,-0.020628689310,000165,131.664501429
166,166.000000000,map3d,camera,0.179720640,0.012232715,7.407380581,-0.000943997588,-0.578399736203,-0.005361129545,0.815735320014,-0.023131763867,000166,132.462468104
167,167.000000000,map3d,camera,0.104908302,0.010997776,7.435202599,-0.000694498808,-0.559157215414,-0.004450697724,0.829049405893,-0.017622851729,000167,133.260434779
168,168.000000000,map3d,camera,0.018553674,0.012875676,7.451993942,-0.001151894028,-0.523067674524,-0.005127244476,0.852274951159,-0.016640414164,000168,134.058401455
169,169.000000000,map3d,camera,-0.039487004,0.011221616,7.481261253,-0.001033693401,-0.540558065101,-0.004670082721,0.841293111858,-0.016218692725,000169,134.856368130
170,170.000000000,map3d,camera,-0.127230272,0.012413634,7.536868572,-0.001835446288,-0.572105666556,-0.005977725953,0.820156085282,-0.022309590467,000170,135.654334805
171,171.000000000,map3d,camera,-0.185052037,0.012168385,7.560112953,-0.002086410578,-0.594913769412,-0.005015904273,0.803771170520,-0.019103174703,000171,136.452301481
172,172.000000000,map3d,camera,-0.256483316,0.014256424,7.587005615,-0.001787325071,-0.602520214219,-0.005492293557,0.798082722303,-0.024140364300,000172,137.250268156
173,173.000000000,map3d,camera,-0.317706168,0.013696341,7.602452278,-0.001259658765,-0.571418074933,-0.005617187541,0.820638924317,-0.022422846937,000173,138.048234831
174,174.000000000,map3d,camera,-0.406548202,0.016570408,7.599336147,-0.001307924259,-0.498040851124,-0.005375444004,0.867135920457,-0.015915370768,000174,138.846201507
175,175.000000000,map3d,camera,-0.473316610,0.016142573,7.618001938,-0.000881242814,-0.484842782207,-0.003862566208,0.874592351061,-0.011138711708,000175,139.644168182
176,176.000000000,map3d,camera,-0.505012035,0.016408907,7.670207024,-0.000761548386,-0.533258479690,-0.005494046242,0.845934175535,-0.019669989976,000176,140.442134857
177,177.000000000,map3d,camera,-0.595738113,0.017874256,7.717862129,-0.000841008399,-0.558562021862,-0.004322275882,0.829451070510,-0.016570452755,000177,141.240101533
178,178.000000000,map3d,camera,-0.680765033,0.019662853,7.758395195,0.000164921768,-0.564767755001,-0.004817542590,0.825235812962,-0.022473743658,000178,142.038068208
179,179.000000000,map3d,camera,-0.794784904,0.021828379,7.803312302,0.000689545462,-0.591965903192,-0.004895410603,0.805947845050,-0.029102867541,000179,142.836034883
180,180.000000000,map3d,camera,-0.897147655,0.020412177,7.827522278,0.000138508698,-0.609073466781,-0.005718871532,0.793093176990,-0.035799228645,000180,143.634001558
181,181.000000000,map3d,camera,-0.961038947,0.020775981,7.849649429,0.000267010191,-0.614822313687,-0.006401894580,0.788639630657,-0.042719734376,000181,144.431968234
182,182.000000000,map3d,camera,-1.010331273,0.021574371,7.861839771,-0.000499993490,-0.616006969935,-0.006588248476,0.787712992136,-0.040492155682,000182,145.229934909
183,183.000000000,map3d,camera,-1.061649561,0.023966502,7.869236946,-0.000119472109,-0.601381129168,-0.006678607313,0.798934364896,-0.038044308412,000183,146.027901584
184,184.000000000,map3d,camera,-1.230939746,0.020728659,7.902557373,-0.000692677018,-0.553382587779,-0.005148701528,0.832910993212,-0.020153513742,000184,146.825868260
185,185.000000000,map3d,camera,-1.292404413,0.023800895,7.932305336,-0.000390382452,-0.556484471737,-0.005081471614,0.830842379133,-0.021040913228,000185,147.623834935
186,186.000000000,map3d,camera,-1.379506469,0.027443429,7.979268551,-0.001257414425,-0.605951885787,-0.006442815799,0.795474211489,-0.032848060204,000186,148.421801610
187,187.000000000,map3d,camera,-1.447319746,0.026717715,7.991251945,-0.000842408945,-0.575774973190,-0.006078602742,0.817585176715,-0.026617860642,000187,149.219768286
188,188.000000000,map3d,camera,-1.499961972,0.027289165,8.016890526,-0.000763486193,-0.582783033856,-0.004688916846,0.812613909921,-0.020985389235,000188,150.017734961
189,189.000000000,map3d,camera,-1.628315926,0.029723071,8.061295509,-0.000476368960,-0.635959579191,-0.004861139703,0.771706910704,-0.036081469369,000189,150.815701636
190,190.000000000,map3d,camera,-1.686666727,0.027909437,8.045020103,0.000607048722,-0.546867247446,-0.004110757747,0.837209022188,-0.018779154869,000190,151.613668312
191,191.000000000,map3d,camera,-1.753117204,0.026106980,8.051137924,0.000354016602,-0.480591886757,-0.003297088534,0.876938106290,-0.011379605503,000191,152.411634987
192,192.000000000,map3d,camera,-1.838132858,0.023944164,8.098503113,-0.000134445761,-0.479694881115,-0.003107737423,0.877429851854,-0.009864425252,000192,153.209601662
193,193.000000000,map3d,camera,-1.920308113,0.027835786,8.155845642,0.001509638295,-0.501318277135,-0.003196298457,0.865255736576,-0.014164123373,000193,154.007568338
194,194.000000000,map3d,camera,-2.042537451,0.027310479,8.225254059,0.001948534567,-0.527321934132,-0.005167041183,0.849647622654,-0.024409527405,000194,154.805535013
195,195.000000000,map3d,camera,-2.167801619,0.029464621,8.293750763,0.002365162750,-0.547363223383,-0.005634319388,0.836872847055,-0.029985815571,000195,155.603501688
196,196.000000000,map3d,camera,-2.306967497,0.031089375,8.350393295,0.002143634414,-0.535075549867,-0.005457604152,0.844783863082,-0.026939958885,000196,156.401468364
197,197.000000000,map3d,camera,-2.424735546,0.028629677,8.405563354,0.001447399346,-0.509774275139,-0.006325397941,0.860283722259,-0.025732497249,000197,157.199435039
198,198.000000000,map3d,camera,-2.452159166,0.030805683,8.420055389,0.001738359747,-0.528936147447,-0.005688509086,0.848640778477,-0.026093684029,000198,157.997401714
199,199.000000000,map3d,camera,-2.493453026,0.029719345,8.464771271,0.001381146465,-0.592356732734,-0.008113369759,0.805633767199,-0.049303525778,000199,158.795368390
200,200.000000000,map3d,camera,-2.562518597,0.031749241,8.507627487,0.000067008368,-0.669568340688,-0.006039398463,0.742725897169,-0.087505047510,000200,159.593335065
201,201.000000000,map3d,camera,-2.665884256,0.031068213,8.530761719,0.001420188789,0.764981099006,0.008346774670,-0.643997074978,-3.091334850882,000201,160.391301740
202,202.000000000,map3d,camera,-2.705541372,0.030415565,8.530588150,0.001751492658,0.788481307034,0.008748375143,-0.614994005388,-3.108764889147,000202,161.189268416
203,203.000000000,map3d,camera,-2.804119825,0.030717235,8.487529755,0.001474224228,0.743519027414,0.007529966433,-0.668670757655,-3.067237552823,000203,161.987235091
204,204.000000000,map3d,camera,-2.825371742,0.034859121,8.481898308,0.000701932245,0.710135696935,0.006793760621,-0.704031706706,-2.362492083445,000204,162.785201766
205,205.000000000,map3d,camera,-2.863321781,0.036534287,8.467664719,-0.000594103244,-0.668789496630,-0.005882900419,0.743428307049,-0.075326678018,000205,163.583168442
206,206.000000000,map3d,camera,-2.905194759,0.036419749,8.458343506,0.000639096999,-0.621569635929,-0.005099126955,0.783342056927,-0.038630687673,000206,164.381135117
207,207.000000000,map3d,camera,-2.932271481,0.039803904,8.442661285,0.001999185018,-0.563901298451,-0.004285636221,0.825828651832,-0.025635164283,000207,165.179101792
208,208.000000000,map3d,camera,-2.929818630,0.037805252,8.443717957,0.001272718442,-0.563782864056,-0.004586041256,0.825909335587,-0.024731377257,000208,165.977068468
209,209.000000000,map3d,camera,-2.960263252,0.037250303,8.433906555,0.001553238784,-0.505100373428,-0.003970330728,0.863050077739,-0.017196592342,000209,166.775035143
210,210.000000000,map3d,camera,-2.994452477,0.035413086,8.430410385,0.001615631807,-0.439074344971,-0.004003348233,0.898440361140,-0.014016609510,000210,167.573001818
211,211.000000000,map3d,camera,-2.993881702,0.037711963,8.435849190,0.002472471293,-0.438368073470,-0.003889030215,0.898783730656,-0.014875371879,000211,168.370968494
212,212.000000000,map3d,camera,-3.024182558,0.036196478,8.431981087,0.002587264848,-0.379312764600,-0.003245066028,0.925259208124,-0.011186793733,000212,169.168935169
213,213.000000000,map3d,camera,-3.044175148,0.034676787,8.431198120,0.002663924943,-0.315879501551,-0.001878455043,0.948793715942,-0.006555719973,000213,169.966901844
214,214.000000000,map3d,camera,-3.075466394,0.032728396,8.435549736,0.002261972375,-0.241114949879,-0.000075207149,0.970493925159,-0.001399488593,000214,170.764868520
215,215.000000000,map3d,camera,-3.113593817,0.032952957,8.446493149,0.002470964464,-0.159116975196,0.000073031563,0.987256642016,-0.000676393024,000215,171.562835195
216,216.000000000,map3d,camera,-3.135690212,0.030545393,8.455987930,0.004563746571,-0.070332019759,-0.000016469529,0.997513197378,-0.000681554818,000216,172.360801870
217,217.000000000,map3d,camera,-3.146827698,0.029935909,8.459058762,0.003782335980,-0.028683771563,0.002011730928,0.999579355590,0.003811069696,000217,173.158768545
218,218.000000000,map3d,camera,-3.169572115,0.030052457,8.470136642,0.003985069523,0.031467604362,0.002588463804,0.999493476193,0.005435891309,000218,173.956735221
219,219.000000000,map3d,camera,-3.182385683,0.025704235,8.485176086,0.004858005905,0.100536187008,0.000250061149,0.994921510648,0.001504812140,000219,174.754701896
220,220.000000000,map3d,camera,-3.218645096,0.026542891,8.495827675,0.005899248220,0.180457604882,0.002200438732,0.983562611012,0.006907516974,000220,175.552668571
221,221.000000000,map3d,camera,-3.229775906,0.027993109,8.531920433,0.008641439326,0.308209882130,0.000568858681,0.951278965648,0.007912106721,000221,176.350635247
222,222.000000000,map3d,camera,-3.235214233,0.029748224,8.537431717,0.009602576442,0.384873219694,0.002737832705,0.922915434674,0.017682668302,000222,177.148601922
223,223.000000000,map3d,camera,-3.232017756,0.028957089,8.567119598,0.011055275984,0.445333155099,0.003307769925,0.895290578807,0.026131098094,000223,177.946568597
224,224.000000000,map3d,camera,-3.234670162,0.029970346,8.623915672,0.011427896097,0.522004545238,0.003293099641,0.852859785332,0.038547709419,000224,178.744535273
225,225.000000000,map3d,camera,-3.235357285,0.029507933,8.663838387,0.015244059079,0.596467287188,0.004236998505,0.802481427711,0.086413465534,000225,179.542501948
226,226.000000000,map3d,camera,-3.180056334,0.026341833,8.735527992,0.013676419151,0.670723261434,0.000340079587,0.741581517081,0.185846594985,000226,180.340468623
227,227.000000000,map3d,camera,-3.197034121,0.016600091,8.699542999,0.011695366372,0.727887248148,0.005931179076,0.685571435740,2.742825035011,000227,181.138435299
228,228.000000000,map3d,camera,-3.206269503,0.007801995,8.734659195,0.016152902971,0.783052496809,0.006677176557,0.621709969584,2.994279843489,000228,181.936401974
229,229.000000000,map3d,camera,-3.175771475,0.006627356,8.781871796,0.013834537072,0.858050808521,0.008573448809,0.513306839576,3.072848648937,000229,182.734368649
230,230.000000000,map3d,camera,-3.090460777,0.014850190,8.769249916,0.016332763984,0.906749436757,0.011653899396,0.421192220240,3.080494732987,000230,183.532335325
231,231.000000000,map3d,camera,-2.974269390,0.003211485,8.790252686,0.013239887603,0.940198826007,0.012721986022,0.340130892485,3.097950221247,000231,184.330302000
232,232.000000000,map3d,camera,-3.056753397,0.027626324,8.764750481,0.018546758528,0.961087150934,0.012569768058,0.275335262885,3.091413914765,000232,185.128268675
233,233.000000000,map3d,camera,-3.027866364,0.042614620,8.782176018,0.020231743289,0.982469379750,0.010648847363,0.185016746449,3.094679987575,000233,185.926235351
234,234.000000000,map3d,camera,-2.960504770,0.030810125,8.729956627,0.022045699950,0.996369531378,0.014678980835,0.080909032732,3.094659917753,000234,186.724202026
235,235.000000000,map3d,camera,-2.905225515,0.061022587,8.677671432,0.013967988634,0.999459651149,0.006553987570,0.029023202187,3.113240091207,000235,187.522168701
236,236.000000000,map3d,camera,-2.881177187,0.064266659,8.639729500,0.013162631082,0.999773646425,0.006038264150,-0.015586546220,3.115445772382,000236,188.320135377
237,237.000000000,map3d,camera,-2.936549902,0.063276954,8.477298737,0.007072978329,0.999259859639,0.006005565268,-0.037331475694,3.127866788579,000237,189.118102052
238,238.000000000,map3d,camera,-2.909546375,0.070201457,8.464774132,0.007034763043,0.999076978205,0.007844920872,-0.041643258103,3.128142317031,000238,189.916068727
239,239.000000000,map3d,camera,-2.868672132,0.065017149,8.441842079,0.011758514573,0.999476080250,0.007589366204,-0.029183965868,3.118489281292,000239,190.714035403
240,240.000000000,map3d,camera,-2.891029835,0.071292713,8.338920593,0.008537930951,0.999841601205,0.006711031429,-0.014101003229,3.124701186856,000240,191.512002078
241,241.000000000,map3d,camera,-2.852691650,0.047290511,8.320928574,0.007160879537,0.998916360948,0.008467051486,-0.045201047257,3.127995732657,000241,192.309968753
242,242.000000000,map3d,camera,-2.867305279,0.064362846,8.334410667,0.012284343581,0.997277248904,0.006663573416,-0.072407047379,3.117803659613,000242,193.107935429
243,243.000000000,map3d,camera,-2.786533833,0.062467407,8.235372543,0.010579976381,0.998692301022,0.008806070499,-0.049236217367,3.121227028474,000243,193.905902104
244,244.000000000,map3d,camera,-2.771119118,0.068596974,8.314887047,0.012802595129,0.999822227447,0.003600903492,0.013365648299,3.115883807096,000244,194.703868779
245,245.000000000,map3d,camera,-2.909252167,0.069674291,8.155854225,0.011999254873,0.996469655137,0.006035141048,0.082872319542,3.116329595858,000245,195.501835455
246,246.000000000,map3d,camera,-2.907772064,0.068582863,8.084524155,0.012096724172,0.991592579771,0.006404025985,0.128673281839,3.115074699085,000246,196.299802130
247,247.000000000,map3d,camera,-2.904146671,0.069265977,8.001632690,0.011525655030,0.984729207589,0.004086722953,0.173663023389,3.115924142269,000247,197.097768805
248,248.000000000,map3d,camera,-2.883494616,0.070228517,7.932770729,0.013382272413,0.976039132716,0.004782018557,0.217130510271,3.110454688295,000248,197.895735481
249,249.000000000,map3d,camera,-2.864185333,0.069949210,7.846358299,0.012881834582,0.964351047332,0.004477632617,0.264274604634,3.109960982012,000249,198.693702156
250,250.000000000,map3d,camera,-2.821293592,0.072989956,7.769204140,0.013254321145,0.950079588190,0.004082147447,0.311699270368,3.107173254743,000250,199.491668831
251,251.000000000,map3d,camera,-2.783616543,0.070984028,7.695026875,0.012596576658,0.930590320410,0.004410227122,0.365818987632,3.105174476081,000251,200.289635507
252,252.000000000,map3d,camera,-2.748225212,0.075461447,7.638704777,0.012245825146,0.912531031004,0.003533908642,0.408808841282,3.103683483052,000252,201.087602182
253,253.000000000,map3d,camera,-2.711714745,0.080382407,7.585805893,0.011921546339,0.891530670879,0.002216211177,0.452797999138,3.102160377948,000253,201.885568857
254,254.000000000,map3d,camera,-2.662107229,0.074876070,7.532538891,0.012050332925,0.856688250846,0.002327515335,0.515688484467,3.092369268433,000254,202.683535533
255,255.000000000,map3d,camera,-2.560193062,0.080244124,7.459858894,0.010840945721,0.807503742949,0.001964090687,0.589759545380,3.076499657182,000255,203.481502208
256,256.000000000,map3d,camera,-2.491320133,0.084278293,7.418628693,0.010014885002,0.762213717092,0.002818417235,0.647241846669,3.025325752221,000256,204.279468883
257,257.000000000,map3d,camera,-2.374433994,0.089106016,7.408652782,0.009836296567,0.701514896662,0.002190215320,0.712583538954,0.821442339935,000257,205.077435558
258,258.000000000,map3d,camera,-2.276077509,0.088671267,7.387001991,0.007800101514,0.648493064022,0.001274303333,0.761179532359,0.075725240760,000258,205.875402234
259,259.000000000,map3d,camera,-2.255144119,0.090073854,7.403009415,0.008849423932,0.633300388161,0.001833338479,0.773853309692,0.070873446180,000259,206.673368909
260,260.000000000,map3d,camera,-2.189859152,0.086511381,7.412261963,0.008388011582,0.661979618681,0.001954987395,0.749472350215,0.113111707095,000260,207.471335584
261,261.000000000,map3d,camera,-2.132431507,0.086888723,7.428878307,0.009144680584,0.658976025396,0.002378417836,0.752104591063,0.118312465205,000261,208.269302260
262,262.000000000,map3d,camera,-2.058470964,0.087842636,7.444656372,0.009054465420,0.652245106280,0.002967465166,0.757948238431,0.108929947214,000262,209.067268935
263,263.000000000,map3d,camera,-1.957098484,0.088449083,7.458692551,0.007827752378,0.647327376202,0.001625135983,0.762170160296,0.077725858257,000263,209.865235610
264,264.000000000,map3d,camera,-1.889339328,0.084164210,7.477910995,0.008308267313,0.631837446487,0.001463640301,0.775055012027,0.063260590850,000264,210.663202286
265,265.000000000,map3d,camera,-1.779177904,0.090818025,7.514087200,0.008902280463,0.599658853786,0.000505641872,0.800206068963,0.040878786481,000265,211.461168961
266,266.000000000,map3d,camera,-1.692259789,0.082791016,7.515138626,0.009750281864,0.570331852699,0.001083881832,0.821355790751,0.036905934497,000266,212.259135636
267,267.000000000,map3d,camera,-1.658249021,0.091968931,7.557923317,0.010034570516,0.587143312224,-0.000178412313,0.809420784558,0.036999855444,000267,213.057102312
268,268.000000000,map3d,camera,-1.590966702,0.085360192,7.585370541,0.009622726636,0.621087124286,-0.000252322303,0.783682412404,0.050537016574,000268,213.855068987
269,269.000000000,map3d,camera,-1.446830869,0.078404710,7.608283043,0.009874627412,0.604115069854,-0.000135136673,0.796835902710,0.043348968275,000269,214.653035662
270,270.000000000,map3d,camera,-1.422646403,0.079354420,7.640125751,0.010322455296,0.653257381224,0.000122264963,0.757065536030,0.093045729727,000270,215.451002338
271,271.000000000,map3d,camera,-1.330551863,0.076610640,7.680481911,0.010393610824,0.738149225257,0.000816462905,0.674556911977,2.960325787946,000271,216.248969013
272,272.000000000,map3d,camera,-1.292882442,0.077910915,7.664291859,0.011232969047,0.713991244137,0.000821904179,0.700064031483,2.420770416924,000272,217.046935688
273,273.000000000,map3d,camera,-1.224618196,0.076688178,7.664447784,0.010114231908,0.708367538498,0.001303509404,0.705770099663,1.788250548279,000273,217.844902364
274,274.000000000,map3d,camera,-1.164029479,0.075646617,7.670170784,0.009723243065,0.733422767187,0.001252368977,0.679702092603,2.934063017259,000274,218.642869039
275,275.000000000,map3d,camera,-1.071738005,0.071857512,7.687157631,0.008909564390,0.769113619994,0.000182299989,0.639049940121,3.065605462017,000275,219.440835714
276,276.000000000,map3d,camera,-1.026951075,0.072145283,7.678072453,0.009546528198,0.795858025754,-0.000445560345,0.605407852706,3.086711732270,000276,220.238802390
277,277.000000000,map3d,camera,-0.941962957,0.071924143,7.693380833,0.009166174661,0.828433738308,-0.000165374040,0.560012049091,3.101352140215,000277,221.036769065
278,278.000000000,map3d,camera,-0.921618700,0.073098332,7.672495365,0.010655825524,0.846386462588,-0.001528695860,0.532460395164,3.103690186669,000278,221.834735740
279,279.000000000,map3d,camera,-0.868825436,0.072421215,7.669013977,0.010846110173,0.869984632235,-0.001014665328,0.492958489148,3.106820160362,000279,222.632702416
280,280.000000000,map3d,camera,-0.771704376,0.076823562,7.648341656,0.010917600556,0.895659512148,-0.001258562091,0.444604611221,3.111096948191,000280,223.430669091
281,281.000000000,map3d,camera,-0.704792380,0.073724069,7.617880821,0.011548772810,0.915458026224,-0.000707105723,0.402247098275,3.111169968919,000281,224.228635766
282,282.000000000,map3d,camera,-0.654460251,0.084515803,7.572324753,0.012906028080,0.932559606916,-0.000610815198,0.360784757013,3.109641677617,000282,225.026602442
283,283.000000000,map3d,camera,-0.573040247,0.068407886,7.523973465,0.011042891156,0.942388477049,0.001461461801,0.334334977245,3.113526429979,000283,225.824569117
284,284.000000000,map3d,camera,-0.543472111,0.081548914,7.464831352,0.013688315603,0.947384303757,0.000532056558,0.319805140556,3.108555578967,000284,226.622535792
285,285.000000000,map3d,camera,-0.488486767,0.083899200,7.408988476,0.013497328317,0.956379563980,0.001283124683,0.291812106194,3.109570401330,000285,227.420502468
286,286.000000000,map3d,camera,-0.457014084,0.078858331,7.361711025,0.013551949412,0.962476420641,0.002080096940,0.271018740264,3.109689110599,000286,228.218469143
287,287.000000000,map3d,camera,-0.401063800,0.087036364,7.302878857,0.012986590865,0.973887841348,0.001703217711,0.226651538670,3.112538022865,000287,229.016435818
288,288.000000000,map3d,camera,-0.366417557,0.075233184,7.261816502,0.014054576047,0.988315870410,0.004753567835,0.151695790252,3.110956820079,000288,229.814402494
289,289.000000000,map3d,camera,-0.344072819,0.075880185,7.193347931,0.012964940727,0.991946201220,0.006135261876,0.125845153895,3.113433239234,000289,230.612369169
290,290.000000000,map3d,camera,-0.324188948,0.077830516,7.096986294,0.013469591291,0.988224287352,0.004381360368,0.152355281099,3.112271827295,000290,231.410335844
291,291.000000000,map3d,camera,-0.283549547,0.076013744,7.031951904,0.013160637972,0.988078522598,0.004904039633,0.153308777260,3.112722017986,000291,232.208302520
292,292.000000000,map3d,camera,-0.250106692,0.075356930,6.971864700,0.012461135280,0.994798766350,0.006049552239,0.100913514922,3.115036034029,000292,233.006269195
293,293.000000000,map3d,camera,-0.198645175,0.075894505,6.893233776,0.013038062857,0.999630185576,0.006605843653,-0.022931721095,3.115798954458,000293,233.804235870
294,294.000000000,map3d,camera,-0.209619343,0.079493493,6.867269516,0.012409104493,0.999739125947,0.006469279563,-0.018051110720,3.116995826710,000294,234.602202546
295,295.000000000,map3d,camera,-0.220010281,0.076571934,6.786180496,0.011870469028,0.998067512347,0.005644128003,0.060732829524,3.117028801818,000295,235.400169221
296,296.000000000,map3d,camera,-0.222256660,0.079237118,6.652864456,0.012539910750,0.987185481431,0.004465863610,0.159020853830,3.114017215355,000296,236.198135896
297,297.000000000,map3d,camera,-0.214757502,0.079302415,6.646533966,0.012848733100,0.987873204109,0.004453838753,0.154666111288,3.113481962111,000297,236.996102571
298,298.000000000,map3d,camera,-0.193158090,0.077565633,6.622801304,0.011749341436,0.994179691139,0.004723844878,0.106987756275,3.116647047868,000298,237.794069247
299,299.000000000,map3d,camera,-0.153307393,0.079677559,6.561692715,0.013002694176,0.999872577497,0.006253138289,0.006830591195,3.115499816492,000299,238.592035922
300,300.000000000,map3d,camera,-0.129501432,0.077688776,6.510410786,0.012816848950,0.999041583848,0.006133593382,-0.041400738602,3.116402073151,000300,239.390002597
301,301.000000000,map3d,camera,-0.148975670,0.079236828,6.468321800,0.012183835132,0.999908240649,0.005009467046,-0.003157480608,3.117255947545,000301,240.187969273
302,302.000000000,map3d,camera,-0.139927551,0.078482404,6.403635979,0.013283848679,0.999518924863,0.004736595304,-0.027622868616,3.115256007745,000302,240.985935948
303,303.000000000,map3d,camera,-0.129615068,0.080181196,6.351935863,0.013823123772,0.998017220582,0.003964131520,-0.061276703008,3.114278220825,000303,241.783902623
304,304.000000000,map3d,camera,-0.143720537,0.079595156,6.251034260,0.014575908882,0.997998665395,0.001970406492,-0.061500603639,3.112517372395,000304,242.581869299
305,305.000000000,map3d,camera,-0.154200792,0.078151584,6.132557869,0.014685016220,0.997565978280,0.003213952256,-0.068089204638,3.112457228320,000305,243.379835974
306,306.000000000,map3d,camera,-0.175436795,0.080989510,6.005945206,0.014383259014,0.997305427580,0.001637771996,-0.071918868750,3.112837707775,000306,244.177802649
307,307.000000000,map3d,camera,-0.183873311,0.082879014,5.935110092,0.014907092227,0.999632264057,0.000616710399,-0.022643650913,3.111782364005,000307,244.975769325
308,308.000000000,map3d,camera,-0.197947592,0.082236134,5.796476364,0.013144923863,0.997160328881,-0.000070531535,0.074151766716,3.115093486403,000308,245.773736000
309,309.000000000,map3d,camera,-0.187950313,0.082765773,5.712240219,0.013566780471,0.998689625497,0.000416592709,0.049343701142,3.114317405582,000309,246.571702675
310,310.000000000,map3d,camera,-0.160342485,0.080980152,5.683147430,0.015559091182,0.999633975271,0.000895498925,-0.022113983067,3.110490006727,000310,247.369669351
311,311.000000000,map3d,camera,-0.161336899,0.080662325,5.644869328,0.014673029805,0.996458721369,0.002141549456,-0.082765527662,3.112299332949,000311,248.167636026
312,312.000000000,map3d,camera,-0.142263398,0.079916388,5.592672825,0.015046320797,0.990162234530,0.001660759546,-0.139102837566,3.111072264222,000312,248.965602701
313,313.000000000,map3d,camera,-0.143841237,0.081818312,5.529751301,0.015279258018,0.972896386133,0.003306815717,-0.230712442435,3.110021956556,000313,249.763569377
314,314.000000000,map3d,camera,-0.147174895,0.089434192,5.487483025,0.015443365544,0.942179861355,0.001969889150,-0.334745770480,3.105779308036,000314,250.561536052
315,315.000000000,map3d,camera,-0.157323092,0.082882799,5.424398422,0.015926154496,0.908559625865,0.004143898178,-0.417430942743,3.102472354764,000315,251.359502727
316,316.000000000,map3d,camera,-0.187945127,0.089190200,5.391465664,0.015133618628,0.870349573113,0.001815292548,-0.492198434457,3.093949132324,000316,252.157469403
317,317.000000000,map3d,camera,-0.227579176,0.086758927,5.326681137,0.015240481696,0.834213757311,0.003628559796,-0.551218621224,3.086964664085,000317,252.955436078
318,318.000000000,map3d,camera,-0.285661221,0.088673025,5.274116993,0.013343283618,0.807315827230,0.004930432958,-0.589948135616,3.089831176414,000318,253.753402753
319,319.000000000,map3d,camera,-0.298073411,0.095991671,5.294397354,0.012236243981,0.808914310297,0.003936126574,-0.587786032360,3.092496494991,000319,254.551369429
320,320.000000000,map3d,camera,-0.333698273,0.091029286,5.259894371,0.014185092094,0.783771650697,0.005222611012,-0.620865127915,3.072815958277,000320,255.349336104
321,321.000000000,map3d,camera,-0.399492204,0.095424205,5.234387398,0.011597805250,0.742067478785,0.004966619403,-0.670206446205,3.037846970426,000321,256.147302779
322,322.000000000,map3d,camera,-0.447528780,0.094411194,5.210991383,-0.012092438160,-0.697258086451,-0.003690190133,0.716708669066,0.396605761268,000322,256.945269455
323,323.000000000,map3d,camera,-0.443600357,0.094653927,5.218019962,-0.011834009942,-0.697064213972,-0.003432223600,0.716902823017,0.389808915988,000323,257.743236130
324,324.000000000,map3d,camera,-0.498566598,0.094737455,5.197779179,-0.009727031798,-0.661819355431,-0.003394434400,0.749592558290,0.062726056132,000324,258.541202805
325,325.000000000,map3d,camera,-0.572834492,0.096317530,5.197816849,-0.009227480355,-0.622335537886,-0.004677527910,0.782682216882,0.018471752791,000325,259.339169481
326,326.000000000,map3d,camera,-0.632486939,0.097445734,5.203925610,-0.010402483326,-0.629292534566,-0.004999453602,0.777082813954,0.025591413587,000326,260.137136156
327,327.000000000,map3d,camera,-0.692375183,0.104065284,5.199429035,-0.009189001838,-0.598359985412,-0.004543364337,0.801161811336,0.013091401261,000327,260.935102831
328,328.000000000,map3d,camera,-0.746980429,0.103235774,5.209829330,-0.009748233327,-0.552694742583,-0.004415524725,0.833315064432,0.008782266647,000328,261.733069507
329,329.000000000,map3d,camera,-0.829529166,0.112183325,5.248024464,-0.010497028189,-0.547158378338,-0.003272484063,0.836956875987,0.014976467634,000329,262.531036182
330,330.000000000,map3d,camera,-0.891495883,0.106098510,5.267881393,-0.009778963328,-0.560995029528,-0.004906077930,0.827746868988,0.007691499373,000330,263.329002857
331,331.000000000,map3d,camera,-0.980621934,0.114385292,5.307569981,-0.010713460727,-0.574338754716,-0.005308559442,0.818530412255,0.010627853353,000331,264.126969533
332,332.000000000,map3d,camera,-1.052713275,0.107519858,5.330024719,-0.010063778414,-0.590314919105,-0.005472535796,0.807091734562,0.010058913229,000332,264.924936208
333,333.000000000,map3d,camera,-1.146420956,0.109190531,5.355552673,-0.010105234686,-0.616208922394,-0.006688262567,0.787489501732,0.007983734233,000333,265.722902883
334,334.000000000,map3d,camera,-1.228943825,0.112188801,5.385525703,-0.009897691979,-0.648579840552,-0.005248857224,0.761064173129,0.030560691866,000334,266.520869559
335,335.000000000,map3d,camera,-1.337921858,0.108864538,5.410273552,-0.010810945668,-0.687158996320,-0.005847615625,0.726403085498,0.114021113907,000335,267.318836234
336,336.000000000,map3d,camera,-1.455758095,0.121009693,5.412840843,0.010389661378,0.723438317464,0.006839229452,-0.690276959417,3.022747267149,000336,268.116802909
337,337.000000000,map3d,camera,-1.569486618,0.118746586,5.409464359,0.009735324902,0.726595525338,0.005602167594,-0.686973639761,3.026803803285,000337,268.914769584
338,338.000000000,map3d,camera,-1.680898428,0.123595364,5.388779640,0.008209421973,0.707172035255,0.004700279608,-0.706978235391,1.616838719345,000338,269.712736260
339,339.000000000,map3d,camera,-1.840600014,0.125275537,5.394486427,0.008064095423,0.759155545405,0.005692624321,-0.650834404649,3.109946885092,000339,270.510702935
340,340.000000000,map3d,camera,-1.938060641,0.130662665,5.374296188,0.009243829246,0.760810280721,0.005736275775,-0.648883166303,3.099638972509,000340,271.308669610
341,341.000000000,map3d,camera,-2.022929907,0.130511671,5.346969604,-0.008818867363,-0.696992049677,-0.004895146603,0.717007913349,0.183877450533,000341,272.106636286
342,342.000000000,map3d,camera,-2.129538059,0.130587637,5.351534843,-0.008682095811,-0.691205936521,-0.005477858461,0.722584920682,0.091746140947,000342,272.904602961
343,343.000000000,map3d,camera,-2.254434109,0.136284560,5.338729382,-0.008166268003,-0.681455579761,-0.005924026870,0.731789936242,0.034547662423,000343,273.702569636
344,344.000000000,map3d,camera,-2.347255945,0.129130810,5.339268684,-0.009541041130,-0.677794997558,-0.005622898937,0.735167527048,0.057455518822,000344,274.500536312
345,345.000000000,map3d,camera,-2.492938280,0.134297103,5.334896088,-0.008650744754,-0.646119669586,-0.005063515640,0.763170294232,0.020906208908,000345,275.298502987
346,346.000000000,map3d,camera,-2.545565367,0.136457101,5.322632790,-0.006563971774,-0.549176626113,-0.004944379626,0.835665902569,-0.002656854483,000346,276.096469662
347,347.000000000,map3d,camera,-2.699766636,0.133245215,5.372066498,-0.008782213274,-0.596652585453,-0.005599668673,0.802432058628,0.005185437380,000347,276.894436338
348,348.000000000,map3d,camera,-2.874762774,0.135990709,5.432376862,-0.009197274018,-0.658381041602,-0.004505092066,0.752615119669,0.040040921771,000348,277.692403013
349,349.000000000,map3d,camera,-3.020942688,0.136962056,5.460001945,-0.008439077048,-0.704547230613,-0.005106720977,0.709588545014,0.574497223133,000349,278.490369688
350,350.000000000,map3d,camera,-3.099652767,0.138235167,5.414780617,-0.008143078616,-0.598089827846,-0.005125906374,0.801371307935,0.005360035519,000350,279.288336364
351,351.000000000,map3d,camera,-3.171648979,0.142770305,5.418722153,-0.007559362735,-0.476654869609,-0.006596443584,0.879033263447,-0.008048343075,000351,280.086303039
352,352.000000000,map3d,camera,-3.257102728,0.142495230,5.482192993,-0.009515905320,-0.521150668417,-0.005647704654,0.853392952740,0.000610890213,000352,280.884269714
353,353.000000000,map3d,camera,-3.367970943,0.148043498,5.536267281,-0.009213647396,-0.555507588826,-0.005199897470,0.831444158392,0.004153016668,000353,281.682236390
354,354.000000000,map3d,camera,-3.353607178,0.137782753,5.526268005,-0.010767999092,-0.551855010564,-0.007321247769,0.833838411710,-0.000830917548,000354,282.480203065
355,355.000000000,map3d,camera,-3.383628130,0.150970876,5.505007267,-0.008122664176,-0.433447101571,-0.003692574726,0.901134838611,0.000619132694,000355,283.278169740
356,356.000000000,map3d,camera,-3.445159435,0.150764793,5.510150909,-0.007169745333,-0.320746595549,-0.005862880597,0.947119761607,-0.008192420942,000356,284.076136416
357,357.000000000,map3d,camera,-3.465857267,0.145149365,5.506746292,-0.008845932246,-0.259022510880,-0.002723288887,0.965826936898,-0.000782929485,000357,284.874103091
358,358.000000000,map3d,camera,-3.520045757,0.149260998,5.562056065,-0.003779228740,-0.204273974962,-0.004029352380,0.978898168812,-0.006922500863,000358,285.672069766
359,359.000000000,map3d,camera,-3.530360699,0.147585928,5.583907127,-0.006413194538,-0.176780845354,-0.002626610571,0.984225840226,-0.003096467864,000359,286.470036442
360,360.000000000,map3d,camera,-3.559375763,0.149564490,5.594485283,-0.006703235672,-0.125851860912,-0.003487655046,0.992020267937,-0.005403674407,000360,287.268003117
361,361.000000000,map3d,camera,-3.580668449,0.149940670,5.620425224,-0.002932579848,-0.050077471264,-0.003718487308,0.998734108609,-0.007169884482,000361,288.065969792
362,362.000000000,map3d,camera,-3.596003532,0.154125452,5.635584354,-0.004320188562,-0.006569457748,-0.005286863342,0.999955112628,-0.010517597469,000362,288.863936468
363,363.000000000,map3d,camera,-3.625241995,0.155947149,5.653659821,-0.002847329042,0.083361258339,-0.005292704590,0.996501269745,-0.011178617328,000363,289.661903143
364,364.000000000,map3d,camera,-3.656379461,0.152970999,5.700943947,0.003892756951,0.214823774526,-0.001741749928,0.976643516668,-0.001905509190,000364,290.459869818
365,365.000000000,map3d,camera,-3.700628042,0.164619088,5.732847214,0.003352810195,0.326681774799,-0.002861094173,0.945124113976,-0.004090763933,000365,291.257836494
366,366.000000000,map3d,camera,-3.700808048,0.167241290,5.757964611,0.007502405054,0.410517418846,-0.001998260380,0.911819702407,0.003794621568,000366,292.055803169
367,367.000000000,map3d,camera,-3.690987110,0.154849708,5.770841122,0.008592011809,0.478925705359,-0.001839773360,0.877811461143,0.009237408177,000367,292.853769844
368,368.000000000,map3d,camera,-3.687174797,0.160905987,5.776782990,0.008618483398,0.543366775063,-0.001621201731,0.839449606115,0.016223639619,000368,293.651736520
369,369.000000000,map3d,camera,-3.706643105,0.144555971,5.814870834,0.011102771588,0.651266270929,0.003541895839,0.758759795843,0.130041872904,000369,294.449703195
370,370.000000000,map3d,camera,-3.634891510,0.155988842,5.818504810,0.013184255331,0.653874943317,0.000166134755,0.756487743663,0.120147721521,000370,295.247669870
371,371.000000000,map3d,camera,-3.582137585,0.143724129,5.843933105,0.011569081819,0.663235185066,0.003068160247,0.748315329276,0.164350476532,000371,296.045636546
372,372.000000000,map3d,camera,-3.546587944,0.139083430,5.877682686,0.014016330876,0.671830968417,0.003100108511,0.740565379741,0.236330074292,000372,296.843603221
373,373.000000000,map3d,camera,-3.537371874,0.140356585,5.885630608,0.017656855108,0.715201699270,0.003187725792,0.698687772351,2.230554886579,000373,297.641569896
374,374.000000000,map3d,camera,-3.508020878,0.152649611,5.886742115,0.016241940692,0.772282909531,0.000251267476,0.635071054193,3.010602369386,000374,298.439536572
375,375.000000000,map3d,camera,-3.471739769,0.147560939,5.917676926,0.016460857362,0.863326684474,0.002896136065,0.504368603747,3.077801719263,000375,299.237503247
376,376.000000000,map3d,camera,-3.451667309,0.159278631,5.919011116,0.017837319173,0.885161475189,0.003017735039,0.464932130705,3.081029277423,000376,300.035469922
377,377.000000000,map3d,camera,-3.407602310,0.155391753,5.910604477,0.017395805578,0.891191134198,0.003959720399,0.453277033270,3.082871510934,000377,300.833436597
378,378.000000000,map3d,camera,-3.372560024,0.157849267,5.901903629,0.017511356529,0.887100532361,0.004229727382,0.461224573590,3.080736513046,000378,301.631403273
379,379.000000000,map3d,camera,-3.319807768,0.151001438,5.820703506,0.017144278819,0.888690061233,0.004163911124,0.458168866918,3.082501856472,000379,302.429369948
380,380.000000000,map3d,camera,-3.297539711,0.150131539,5.828109741,0.017377843246,0.910551767611,0.005305936805,0.412995564261,3.086913193597,000380,303.227336623
381,381.000000000,map3d,camera,-3.265054464,0.148432478,5.834878922,0.018003782006,0.929278018981,0.006523876955,0.368884353561,3.089008981711,000381,304.025303299
382,382.000000000,map3d,camera,-3.235175848,0.150356740,5.810426235,0.016735330435,0.950274359125,0.006414199076,0.310897779271,3.097218475587,000382,304.823269974
383,383.000000000,map3d,camera,-3.184185028,0.150456086,5.795142174,0.022229214663,0.962658695135,0.009488872552,0.269636903992,3.085518425679,000383,305.621236649
384,384.000000000,map3d,camera,-3.164609671,0.161798224,5.691659451,0.018363348987,0.961022402665,0.006954450816,0.275772305722,3.095438341822,000384,306.419203325
385,385.000000000,map3d,camera,-3.140612125,0.149631903,5.685553551,0.017349313785,0.950138101536,0.006628980860,0.311275835769,3.095578996023,000385,307.217170000
386,386.000000000,map3d,camera,-3.081473589,0.159362599,5.585755825,0.017876345941,0.930000298150,0.007737038611,0.367042259051,3.088309059821,000386,308.015136675
387,387.000000000,map3d,camera,-3.045633793,0.150491804,5.536313057,0.018057138561,0.908032131534,0.005447874827,0.418475696436,3.084111296379,000387,308.813103351
388,388.000000000,map3d,camera,-3.005082369,0.149393320,5.482844830,0.018277706431,0.893232104487,0.004932697717,0.449197063052,3.079428010302,000388,309.611070026
389,389.000000000,map3d,camera,-2.927333593,0.150995761,5.417929173,0.017583922989,0.876753829048,0.003352353654,0.480606169985,3.078307739053,000389,310.409036701
390,390.000000000,map3d,camera,-2.820038795,0.154100657,5.353849411,0.018156739959,0.855680424074,0.003543868768,0.517173844703,3.066929602534,000390,311.207003377
391,391.000000000,map3d,camera,-2.782006979,0.153415918,5.335322380,0.017698038375,0.852597861245,0.002804947249,0.522260278701,3.068773369983,000391,312.004970052
392,392.000000000,map3d,camera,-2.718297482,0.148476183,5.310070038,0.017200279707,0.857584086231,0.003258059253,0.514045786357,3.071946699285,000392,312.802936727
393,393.000000000,map3d,camera,-2.654061794,0.148999989,5.267175674,0.018172125662,0.862983617209,0.003891934786,0.504889991109,3.069615788535,000393,313.600903403
394,394.000000000,map3d,camera,-2.575832367,0.148402318,5.242876053,0.017716590494,0.868404317940,0.002259327615,0.495535022418,3.076737983485,000394,314.398870078
395,395.000000000,map3d,camera,-2.485734463,0.146581113,5.182319641,0.017537532589,0.873535313493,0.004096741627,0.486427494843,3.075880899421,000395,315.196836753
396,396.000000000,map3d,camera,-2.372765303,0.142123148,5.121222496,0.016970427628,0.883439364316,0.003926819076,0.468221608060,3.081656919103,000396,315.994803429
397,397.000000000,map3d,camera,-2.351225376,0.147180229,5.116653442,0.018604268325,0.913232313910,0.004293105414,0.406991635388,3.085553719873,000397,316.792770104
398,398.000000000,map3d,camera,-2.279141188,0.142418176,5.064479351,0.017838193259,0.931054369958,0.005403091237,0.364404124082,3.091001707607,000398,317.590736779
399,399.000000000,map3d,camera,-2.198207378,0.141886115,4.976800919,0.018521912410,0.909224053867,0.003543321561,0.415879794535,3.085593376455,000399,318.388703455
400,400.000000000,map3d,camera,-2.192367315,0.143626705,4.969066620,0.019156610652,0.925821235474,0.004109446950,0.377453542387,3.087645098861,000400,319.186670130
401,401.000000000,map3d,camera,-2.072677612,0.133199006,4.916690826,0.018542274187,0.979113676177,0.006729678245,0.202354403514,3.099071108693,000401,319.984636805
402,402.000000000,map3d,camera,-2.060396671,0.136369482,4.864905834,0.018949569269,0.975409747856,0.005494404294,0.219514348357,3.098006354466,000402,320.782603481
403,403.000000000,map3d,camera,-1.988022447,0.136522979,4.739199638,0.018186001368,0.965518556133,0.005237260860,0.259645447130,3.097852844062,000403,321.580570156
404,404.000000000,map3d,camera,-1.960711718,0.137783438,4.668035984,0.020079608533,0.952680281971,0.003804630372,0.303286357182,3.091872543178,000404,322.378536831
405,405.000000000,map3d,camera,-1.923631310,0.135430992,4.664618492,0.020104632367,0.974248824340,0.005649612728,0.224506378317,3.095197591558,000405,323.176503507
406,406.000000000,map3d,camera,-1.897920609,0.132476285,4.669994354,0.019453698786,0.990934804811,0.006350250835,0.132775903430,3.099872401702,000406,323.974470182
407,407.000000000,map3d,camera,-1.858712196,0.133043870,4.685338020,0.019215629466,0.999043184913,0.007667631189,-0.038531567506,3.103666561078,000407,324.772436857
408,408.000000000,map3d,camera,-1.841803193,0.138494253,4.672517776,0.017223265957,0.992041593614,0.008547872967,-0.124433795717,3.108515288780,000408,325.570403533
409,409.000000000,map3d,camera,-1.812980771,0.127183989,4.664294243,0.017428567392,0.967130513457,0.010471680560,-0.253466287475,3.108990944740,000409,326.368370208
410,410.000000000,map3d,camera,-1.817344189,0.137194291,4.655627728,0.016069245844,0.973261429578,0.009990243001,-0.228919558095,3.111752436156,000410,327.166336883
411,411.000000000,map3d,camera,-1.830699921,0.134077981,4.634058952,0.016280963361,0.970489520738,0.010198491484,-0.240376810739,3.111397274366,000411,327.964303559
412,412.000000000,map3d,camera,-1.862235188,0.134607717,4.593104362,0.016634425298,0.985061446907,0.008981540028,-0.171162418920,3.110038959962,000412,328.762270234
413,413.000000000,map3d,camera,-1.880740166,0.136696309,4.577064991,0.015148815855,0.991130022478,0.008254628880,-0.131771214696,3.112731420878,000413,329.560236909
414,414.000000000,map3d,camera,-1.912217498,0.135101303,4.548139095,0.017965289523,0.998481920696,0.007626281404,-0.051506720413,3.106306794479,000414,330.358203584
415,415.000000000,map3d,camera,-1.907298446,0.136512503,4.538439274,0.017127791002,0.998413106892,0.007502322369,-0.053118941261,3.107991701902,000415,331.156170260
416,416.000000000,map3d,camera,-1.925571799,0.134408593,4.494329453,0.017527143446,0.998794010255,0.006740714207,0.045363940443,3.105815037825,000416,331.954136935
417,417.000000000,map3d,camera,-1.943585634,0.138775826,4.451823235,0.018913649936,0.987900593050,0.004210117944,0.153873217305,3.100997238424,000417,332.752103610
418,418.000000000,map3d,camera,-1.946438551,0.140667319,4.398858070,0.018583399495,0.962307034458,0.003184149617,0.271311057435,3.097619018238,000418,333.550070286
419,419.000000000,map3d,camera,-1.948665023,0.143825859,4.372916698,0.018769263531,0.948359707200,0.002625998003,0.316630201718,3.094976952679,000419,334.348036961
420,420.000000000,map3d,camera,-1.919723988,0.146344498,4.288830757,0.019446130719,0.893527421550,0.001451382789,0.448584984619,3.081253385688,000420,335.146003636
421,421.000000000,map3d,camera,-1.922795296,0.144006908,4.289162159,0.018710445506,0.893157457671,0.001114921038,0.449353348699,3.083845217228,000421,335.943970312
422,422.000000000,map3d,camera,-1.889062047,0.139975622,4.236204624,0.019314772768,0.860959420671,0.001024083754,0.508305780770,3.070625488027,000422,336.741936987
423,423.000000000,map3d,camera,-1.847368956,0.138461679,4.202880859,0.018629110668,0.818448946912,0.000320026074,0.574277089145,3.050996690384,000423,337.539903662
424,424.000000000,map3d,camera,-1.808274627,0.141866639,4.174473286,0.017408397457,0.767188277052,-0.001765444975,0.641183264330,3.004465770963,000424,338.337870338
425,425.000000000,map3d,camera,-1.759382129,0.143119305,4.166179180,0.018305125852,0.784473076603,-0.001348451206,0.619891197011,3.024932360884,000425,339.135837013
426,426.000000000,map3d,camera,-1.700763226,0.139583707,4.187084675,0.019364730531,0.850045411192,0.000895276358,0.526352547826,3.065666094867,000426,339.933803688
427,427.000000000,map3d,camera,-1.654956579,0.140175253,4.190101624,0.019351744801,0.902940695072,0.001334980598,0.429327181743,3.084419348487,000427,340.731770364
428,428.000000000,map3d,camera,-1.602715015,0.137898892,4.161130905,0.019005977309,0.917706205696,0.002483081192,0.396797085625,3.087794015744,000428,341.529737039
429,429.000000000,map3d,camera,-1.520878792,0.136903554,4.106859207,0.019215662205,0.932320321746,0.002893876920,0.361111065272,3.090287106529,000429,342.327703714
430,430.000000000,map3d,camera,-1.469238281,0.133753389,4.056316376,0.018854335096,0.940092335931,0.004260744250,0.340371502966,3.091672037815,000430,343.125670390
431,431.000000000,map3d,camera,-1.405365705,0.132115662,4.002050877,0.017797706284,0.953441511056,0.004347624136,0.301020970714,3.096940965022,000431,343.923637065
432,432.000000000,map3d,camera,-1.358855724,0.131265640,3.942381382,0.018259403074,0.965988404579,0.005978275190,0.257870619970,3.097343276527,000432,344.721603740
433,433.000000000,map3d,camera,-1.308671474,0.130475298,3.875499725,0.018550044359,0.976057226963,0.005693241745,0.216646653670,3.098900546881,000433,345.519570416
434,434.000000000,map3d,camera,-1.265185833,0.130645663,3.788335323,0.017386516871,0.975462670335,0.006327929340,0.219386064108,3.100982840632,000434,346.317537091
435,435.000000000,map3d,camera,-1.221024871,0.131545216,3.701736927,0.018355403529,0.971962631506,0.005831164493,0.234345300014,3.098432350944,000435,347.115503766
436,436.000000000,map3d,camera,-1.174751759,0.132757217,3.599443913,0.018164226495,0.970165506363,0.005839628612,0.241691642133,3.098484032895,000436,347.913470442
437,437.000000000,map3d,camera,-1.132587194,0.133105740,3.515424013,0.017747936075,0.970024618806,0.005300333787,0.242299723765,3.099664366884,000437,348.711437117
438,438.000000000,map3d,camera,-1.108102918,0.131569430,3.467979193,0.017717160364,0.970009694908,0.006002227260,0.242345347142,3.099344930868,000438,349.509403792
439,439.000000000,map3d,camera,-1.106750607,0.131627381,3.469784737,0.017532984516,0.969952097012,0.005892199093,0.242591850535,3.099798024641,000439,350.307370468
