idx,t_sec,x,y,yaw_rad,rgb_file,depth_file,ir_left_file,ir_right_file
0,1776216026.427065,0.624605,-0.097154,-1.356852422,rgb/000000.png,depth_aligned_mm/000000.png,ir_left/000000.png,ir_right/000000.png
1,1776216035.434297,0.645826,-0.176187,-1.273540765,rgb/000001.png,depth_aligned_mm/000001.png,ir_left/000001.png,ir_right/000001.png
2,1776216041.104471,0.660573,-0.228966,-1.332543442,rgb/000002.png,depth_aligned_mm/000002.png,ir_left/000002.png,ir_right/000002.png
3,1776216046.374990,0.681063,-0.305519,-1.341703647,rgb/000003.png,depth_aligned_mm/000003.png,ir_left/000003.png,ir_right/000003.png
4,1776216051.445434,0.702425,-0.384251,-1.307595119,rgb/000004.png,depth_aligned_mm/000004.png,ir_left/000004.png,ir_right/000004.png
5,1776216062.119750,0.729114,-0.459634,-1.275220620,rgb/000005.png,depth_aligned_mm/000005.png,ir_left/000005.png,ir_right/000005.png
6,1776216067.256731,0.735634,-0.527060,-1.331334798,rgb/000006.png,depth_aligned_mm/000006.png,ir_left/000006.png,ir_right/000006.png
7,1776216073.528065,0.754551,-0.581980,-1.372226051,rgb/000007.png,depth_aligned_mm/000007.png,ir_left/000007.png,ir_right/000007.png
8,1776216078.930842,0.767400,-0.656921,-1.407679062,rgb/000008.png,depth_aligned_mm/000008.png,ir_left/000008.png,ir_right/000008.png
9,1776216083.732255,0.776329,-0.711512,-1.376160056,rgb/000009.png,depth_aligned_mm/000009.png,ir_left/000009.png,ir_right/000009.png
10,1776216089.069529,0.782575,-0.787999,-1.376951735,rgb/000010.png,depth_aligned_mm/000010.png,ir_left/000010.png,ir_right/000010.png
11,1776216098.346515,0.786647,-0.833537,-1.402687951,rgb/000011.png,depth_aligned_mm/000011.png,ir_left/000011.png,ir_right/000011.png
12,1776216103.482905,0.787781,-0.900937,-1.436991662,rgb/000012.png,depth_aligned_mm/000012.png,ir_left/000012.png,ir_right/000012.png
13,1776216109.754244,0.787594,-0.965469,-1.476635005,rgb/000013.png,depth_aligned_mm/000013.png,ir_left/000013.png,ir_right/000013.png
14,1776216113.690483,0.791136,-1.033666,-1.533898128,rgb/000014.png,depth_aligned_mm/000014.png,ir_left/000014.png,ir_right/000014.png
15,1776216118.493865,0.797547,-1.114885,-1.549688582,rgb/000015.png,depth_aligned_mm/000015.png,ir_left/000015.png,ir_right/000015.png
16,1776216124.895027,0.790956,-1.187359,-1.632610921,rgb/000016.png,depth_aligned_mm/000016.png,ir_left/000016.png,ir_right/000016.png
17,1776216131.169558,0.789066,-1.232178,-1.596608460,rgb/000017.png,depth_aligned_mm/000017.png,ir_left/000017.png,ir_right/000017.png
18,1776216137.641080,0.788385,-1.284008,-1.533621242,rgb/000018.png,depth_aligned_mm/000018.png,ir_left/000018.png,ir_right/000018.png
19,1776216143.512190,0.795035,-1.351442,-1.492763875,rgb/000019.png,depth_aligned_mm/000019.png,ir_left/000019.png,ir_right/000019.png
20,1776216149.049475,0.797415,-1.403438,-1.511707546,rgb/000020.png,depth_aligned_mm/000020.png,ir_left/000020.png,ir_right/000020.png
21,1776216154.586886,0.799364,-1.480306,-1.527695067,rgb/000021.png,depth_aligned_mm/000021.png,ir_left/000021.png,ir_right/000021.png
22,1776216158.589644,0.803359,-1.550208,-1.518980430,rgb/000022.png,depth_aligned_mm/000022.png,ir_left/000022.png,ir_right/000022.png
23,1776216164.127103,0.807854,-1.626940,-1.499278145,rgb/000023.png,depth_aligned_mm/000023.png,ir_left/000023.png,ir_right/000023.png
24,1776216170.264907,0.818039,-1.733838,-1.508253432,rgb/000024.png,depth_aligned_mm/000024.png,ir_left/000024.png,ir_right/000024.png
25,1776216176.736006,0.814242,-1.837881,-1.492068632,rgb/000025.png,depth_aligned_mm/000025.png,ir_left/000025.png,ir_right/000025.png
26,1776216181.939847,0.815368,-1.940368,-1.591432894,rgb/000026.png,depth_aligned_mm/000026.png,ir_left/000026.png,ir_right/000026.png
27,1776216189.674356,0.815728,-2.013203,-1.627774644,rgb/000027.png,depth_aligned_mm/000027.png,ir_left/000027.png,ir_right/000027.png
28,1776216194.878903,0.813306,-2.060369,-1.553500230,rgb/000028.png,depth_aligned_mm/000028.png,ir_left/000028.png,ir_right/000028.png
29,1776216203.555597,0.815811,-2.123052,-1.548252231,rgb/000029.png,depth_aligned_mm/000029.png,ir_left/000029.png,ir_right/000029.png
30,1776216210.957051,0.817455,-2.208057,-1.562446965,rgb/000030.png,depth_aligned_mm/000030.png,ir_left/000030.png,ir_right/000030.png
31,1776216218.098540,0.817048,-2.310751,-1.540362631,rgb/000031.png,depth_aligned_mm/000031.png,ir_left/000031.png,ir_right/000031.png
32,1776216224.037040,0.825894,-2.411842,-1.521059080,rgb/000032.png,depth_aligned_mm/000032.png,ir_left/000032.png,ir_right/000032.png
33,1776216229.908029,0.837883,-2.541364,-1.486473846,rgb/000033.png,depth_aligned_mm/000033.png,ir_left/000033.png,ir_right/000033.png
34,1776216236.912801,0.835523,-2.675358,-1.636505978,rgb/000034.png,depth_aligned_mm/000034.png,ir_left/000034.png,ir_right/000034.png
35,1776216261.730942,0.837227,-2.751818,-1.529353697,rgb/000035.png,depth_aligned_mm/000035.png,ir_left/000035.png,ir_right/000035.png
36,1776216268.469008,0.843470,-2.832935,-1.518913576,rgb/000036.png,depth_aligned_mm/000036.png,ir_left/000036.png,ir_right/000036.png
37,1776216274.873958,0.840168,-2.920326,-1.568162974,rgb/000037.png,depth_aligned_mm/000037.png,ir_left/000037.png,ir_right/000037.png
38,1776216281.407984,0.836932,-3.014149,-1.597827285,rgb/000038.png,depth_aligned_mm/000038.png,ir_left/000038.png,ir_right/000038.png
39,1776216287.548792,0.838178,-3.090851,-1.602065731,rgb/000039.png,depth_aligned_mm/000039.png,ir_left/000039.png,ir_right/000039.png
40,1776216294.687847,0.836908,-3.141247,-1.433595911,rgb/000040.png,depth_aligned_mm/000040.png,ir_left/000040.png,ir_right/000040.png
41,1776216300.759179,0.840026,-3.202034,-1.508126575,rgb/000041.png,depth_aligned_mm/000041.png,ir_left/000041.png,ir_right/000041.png
42,1776216305.762608,0.845328,-3.290530,-1.583132176,rgb/000042.png,depth_aligned_mm/000042.png,ir_left/000042.png,ir_right/000042.png
43,1776216313.034622,0.847051,-3.340779,-1.485142387,rgb/000043.png,depth_aligned_mm/000043.png,ir_left/000043.png,ir_right/000043.png
44,1776216319.839371,0.848714,-3.410103,-1.499533998,rgb/000044.png,depth_aligned_mm/000044.png,ir_left/000044.png,ir_right/000044.png
45,1776216326.044032,0.848167,-3.501967,-1.537906732,rgb/000045.png,depth_aligned_mm/000045.png,ir_left/000045.png,ir_right/000045.png
46,1776216333.449183,0.852177,-3.578065,-1.558519858,rgb/000046.png,depth_aligned_mm/000046.png,ir_left/000046.png,ir_right/000046.png
47,1776216340.320933,0.859116,-3.648061,-1.499219278,rgb/000047.png,depth_aligned_mm/000047.png,ir_left/000047.png,ir_right/000047.png
48,1776216347.392595,0.856080,-3.725196,-1.501445394,rgb/000048.png,depth_aligned_mm/000048.png,ir_left/000048.png,ir_right/000048.png
49,1776216355.795922,0.858120,-3.801044,-1.498339368,rgb/000049.png,depth_aligned_mm/000049.png,ir_left/000049.png,ir_right/000049.png
50,1776216363.871533,0.866235,-3.864329,-1.481119292,rgb/000050.png,depth_aligned_mm/000050.png,ir_left/000050.png,ir_right/000050.png
51,1776216370.275968,0.874204,-3.946978,-1.478276387,rgb/000051.png,depth_aligned_mm/000051.png,ir_left/000051.png,ir_right/000051.png
52,1776216375.742935,0.878847,-4.011233,-1.515777897,rgb/000052.png,depth_aligned_mm/000052.png,ir_left/000052.png,ir_right/000052.png
53,1776216381.682939,0.880350,-4.080197,-1.563721698,rgb/000053.png,depth_aligned_mm/000053.png,ir_left/000053.png,ir_right/000053.png
54,1776216386.818463,0.876839,-4.148370,-1.457410968,rgb/000054.png,depth_aligned_mm/000054.png,ir_left/000054.png,ir_right/000054.png
55,1776216394.089569,0.881293,-4.212239,-1.427622102,rgb/000055.png,depth_aligned_mm/000055.png,ir_left/000055.png,ir_right/000055.png
56,1776216401.965751,0.883963,-4.263429,-1.450754243,rgb/000056.png,depth_aligned_mm/000056.png,ir_left/000056.png,ir_right/000056.png
57,1776216408.500221,0.875897,-4.332437,-1.487286391,rgb/000057.png,depth_aligned_mm/000057.png,ir_left/000057.png,ir_right/000057.png
58,1776216415.441979,0.894802,-4.392635,-1.454317605,rgb/000058.png,depth_aligned_mm/000058.png,ir_left/000058.png,ir_right/000058.png
59,1776216421.310791,0.897513,-4.482874,-1.461640509,rgb/000059.png,depth_aligned_mm/000059.png,ir_left/000059.png,ir_right/000059.png
60,1776216427.851083,0.902728,-4.564124,-1.531881714,rgb/000060.png,depth_aligned_mm/000060.png,ir_left/000060.png,ir_right/000060.png
61,1776216434.389020,0.905920,-4.644902,-1.544418639,rgb/000061.png,depth_aligned_mm/000061.png,ir_left/000061.png,ir_right/000061.png
62,1776216440.059468,0.912431,-4.720286,-1.574506744,rgb/000062.png,depth_aligned_mm/000062.png,ir_left/000062.png,ir_right/000062.png
63,1776216448.532608,0.913863,-4.794747,-1.563905052,rgb/000063.png,depth_aligned_mm/000063.png,ir_left/000063.png,ir_right/000063.png
64,1776216454.932924,0.920277,-4.872925,-1.539276373,rgb/000064.png,depth_aligned_mm/000064.png,ir_left/000064.png,ir_right/000064.png
65,1776216461.004534,0.919550,-4.962369,-1.506061397,rgb/000065.png,depth_aligned_mm/000065.png,ir_left/000065.png,ir_right/000065.png
66,1776216467.679800,0.927738,-5.055394,-1.475587554,rgb/000066.png,depth_aligned_mm/000066.png,ir_left/000066.png,ir_right/000066.png
67,1776216474.751990,0.931512,-5.162996,-1.532466935,rgb/000067.png,depth_aligned_mm/000067.png,ir_left/000067.png,ir_right/000067.png
68,1776216480.885412,0.939273,-5.274919,-1.443356481,rgb/000068.png,depth_aligned_mm/000068.png,ir_left/000068.png,ir_right/000068.png
69,1776216487.826697,0.962631,-5.378435,-1.285904252,rgb/000069.png,depth_aligned_mm/000069.png,ir_left/000069.png,ir_right/000069.png
70,1776216494.560775,1.005545,-5.457793,-1.118459165,rgb/000070.png,depth_aligned_mm/000070.png,ir_left/000070.png,ir_right/000070.png
71,1776216502.035573,1.050583,-5.531888,-1.125400649,rgb/000071.png,depth_aligned_mm/000071.png,ir_left/000071.png,ir_right/000071.png
72,1776216508.376090,1.081150,-5.584156,-1.177232928,rgb/000072.png,depth_aligned_mm/000072.png,ir_left/000072.png,ir_right/000072.png
73,1776216513.646399,1.106214,-5.654023,-1.294427853,rgb/000073.png,depth_aligned_mm/000073.png,ir_left/000073.png,ir_right/000073.png
74,1776216519.917629,1.113041,-5.755355,-1.439083073,rgb/000074.png,depth_aligned_mm/000074.png,ir_left/000074.png,ir_right/000074.png
75,1776216525.855518,1.118283,-5.874623,-1.465141592,rgb/000075.png,depth_aligned_mm/000075.png,ir_left/000075.png,ir_right/000075.png
76,1776216531.523457,1.131339,-5.990626,-1.453227783,rgb/000076.png,depth_aligned_mm/000076.png,ir_left/000076.png,ir_right/000076.png
77,1776216537.063460,1.134716,-6.099207,-1.575606800,rgb/000077.png,depth_aligned_mm/000077.png,ir_left/000077.png,ir_right/000077.png
78,1776216542.931658,1.131966,-6.199802,-1.699891322,rgb/000078.png,depth_aligned_mm/000078.png,ir_left/000078.png,ir_right/000078.png
79,1776216549.605931,1.129296,-6.267066,-1.700317444,rgb/000079.png,depth_aligned_mm/000079.png,ir_left/000079.png,ir_right/000079.png
80,1776216555.410236,1.118792,-6.378330,-1.646317687,rgb/000080.png,depth_aligned_mm/000080.png,ir_left/000080.png,ir_right/000080.png
81,1776216560.613791,1.110160,-6.487187,-1.576075830,rgb/000081.png,depth_aligned_mm/000081.png,ir_left/000081.png,ir_right/000081.png
82,1776216566.618406,1.100191,-6.586692,-1.596697418,rgb/000082.png,depth_aligned_mm/000082.png,ir_left/000082.png,ir_right/000082.png
83,1776216572.622462,1.088342,-6.686868,-1.706429755,rgb/000083.png,depth_aligned_mm/000083.png,ir_left/000083.png,ir_right/000083.png
84,1776216578.426785,1.078119,-6.768812,-1.741042229,rgb/000084.png,depth_aligned_mm/000084.png,ir_left/000084.png,ir_right/000084.png
85,1776216584.964885,1.073317,-6.835268,-1.688055160,rgb/000085.png,depth_aligned_mm/000085.png,ir_left/000085.png,ir_right/000085.png
86,1776216594.571762,1.059417,-6.935858,-1.747534970,rgb/000086.png,depth_aligned_mm/000086.png,ir_left/000086.png,ir_right/000086.png
87,1776216600.775751,1.048912,-7.037993,-1.701260467,rgb/000087.png,depth_aligned_mm/000087.png,ir_left/000087.png,ir_right/000087.png
88,1776216607.645915,1.033515,-7.155660,-1.684144217,rgb/000088.png,depth_aligned_mm/000088.png,ir_left/000088.png,ir_right/000088.png
89,1776216612.980699,1.027861,-7.294888,-1.583134662,rgb/000089.png,depth_aligned_mm/000089.png,ir_left/000089.png,ir_right/000089.png
90,1776216619.655901,1.024807,-7.399672,-1.523966441,rgb/000090.png,depth_aligned_mm/000090.png,ir_left/000090.png,ir_right/000090.png
91,1776216626.526011,1.028521,-7.504061,-1.577803958,rgb/000091.png,depth_aligned_mm/000091.png,ir_left/000091.png,ir_right/000091.png
92,1776216632.264245,1.021925,-7.626954,-1.602609198,rgb/000092.png,depth_aligned_mm/000092.png,ir_left/000092.png,ir_right/000092.png
93,1776216638.203215,1.019913,-7.714575,-1.561801326,rgb/000093.png,depth_aligned_mm/000093.png,ir_left/000093.png,ir_right/000093.png
94,1776216644.407729,1.032446,-7.810257,-1.391360379,rgb/000094.png,depth_aligned_mm/000094.png,ir_left/000094.png,ir_right/000094.png
95,1776216649.879480,1.048379,-7.927287,-1.291044755,rgb/000095.png,depth_aligned_mm/000095.png,ir_left/000095.png,ir_right/000095.png
96,1776216656.749876,1.070129,-8.046599,-1.388337077,rgb/000096.png,depth_aligned_mm/000096.png,ir_left/000096.png,ir_right/000096.png
97,1776216662.754485,1.090903,-8.162359,-1.275520364,rgb/000097.png,depth_aligned_mm/000097.png,ir_left/000097.png,ir_right/000097.png
98,1776216725.266133,1.103746,-8.204190,-1.247311764,rgb/000098.png,depth_aligned_mm/000098.png,ir_left/000098.png,ir_right/000098.png
99,1776216731.401351,1.118160,-8.236762,-1.338821917,rgb/000099.png,depth_aligned_mm/000099.png,ir_left/000099.png,ir_right/000099.png
100,1776216735.805640,1.133893,-8.298585,-1.576809074,rgb/000100.png,depth_aligned_mm/000100.png,ir_left/000100.png,ir_right/000100.png
101,1776216741.010334,1.132909,-8.338261,-1.719959592,rgb/000101.png,depth_aligned_mm/000101.png,ir_left/000101.png,ir_right/000101.png
102,1776216745.547577,1.119578,-8.386360,-1.866964258,rgb/000102.png,depth_aligned_mm/000102.png,ir_left/000102.png,ir_right/000102.png
103,1776216752.952875,1.105775,-8.439718,-1.866567371,rgb/000103.png,depth_aligned_mm/000103.png,ir_left/000103.png,ir_right/000103.png
104,1776216759.157279,1.083143,-8.497105,-1.903907258,rgb/000104.png,depth_aligned_mm/000104.png,ir_left/000104.png,ir_right/000104.png
105,1776216765.492036,1.062650,-8.543541,-1.974609345,rgb/000105.png,depth_aligned_mm/000105.png,ir_left/000105.png,ir_right/000105.png
106,1776216770.899178,1.055393,-8.580539,-1.861533814,rgb/000106.png,depth_aligned_mm/000106.png,ir_left/000106.png,ir_right/000106.png
107,1776216777.703514,1.050697,-8.632271,-1.697553139,rgb/000107.png,depth_aligned_mm/000107.png,ir_left/000107.png,ir_right/000107.png
108,1776216782.440745,1.048505,-8.687201,-1.568759195,rgb/000108.png,depth_aligned_mm/000108.png,ir_left/000108.png,ir_right/000108.png
109,1776216787.527048,1.044399,-8.724329,-1.428626659,rgb/000109.png,depth_aligned_mm/000109.png,ir_left/000109.png,ir_right/000109.png
110,1776216792.647774,1.050835,-8.753259,-1.328629154,rgb/000110.png,depth_aligned_mm/000110.png,ir_left/000110.png,ir_right/000110.png
111,1776216798.719151,1.071842,-8.802138,-1.211569667,rgb/000111.png,depth_aligned_mm/000111.png,ir_left/000111.png,ir_right/000111.png
112,1776216804.590066,1.084885,-8.838825,-1.073023193,rgb/000112.png,depth_aligned_mm/000112.png,ir_left/000112.png,ir_right/000112.png
113,1776216809.527050,1.103239,-8.873629,-0.940456909,rgb/000113.png,depth_aligned_mm/000113.png,ir_left/000113.png,ir_right/000113.png
114,1776216814.797584,1.136666,-8.904114,-0.767971604,rgb/000114.png,depth_aligned_mm/000114.png,ir_left/000114.png,ir_right/000114.png
115,1776216820.735069,1.172084,-8.932502,-0.642253130,rgb/000115.png,depth_aligned_mm/000115.png,ir_left/000115.png,ir_right/000115.png
116,1776216828.540859,1.213177,-8.956589,-0.496682261,rgb/000116.png,depth_aligned_mm/000116.png,ir_left/000116.png,ir_right/000116.png
117,1776216842.482878,1.258100,-8.970929,-0.324686378,rgb/000117.png,depth_aligned_mm/000117.png,ir_left/000117.png,ir_right/000117.png
118,1776216848.754536,1.308186,-8.982866,-0.168234187,rgb/000118.png,depth_aligned_mm/000118.png,ir_left/000118.png,ir_right/000118.png
119,1776216853.625745,1.348316,-8.990586,-0.054813793,rgb/000119.png,depth_aligned_mm/000119.png,ir_left/000119.png,ir_right/000119.png
120,1776216859.696199,1.383172,-8.991109,0.058104299,rgb/000120.png,depth_aligned_mm/000120.png,ir_left/000120.png,ir_right/000120.png
121,1776216865.967683,1.409260,-8.987095,0.179748653,rgb/000121.png,depth_aligned_mm/000121.png,ir_left/000121.png,ir_right/000121.png
122,1776216872.435959,1.457095,-8.969370,0.342972078,rgb/000122.png,depth_aligned_mm/000122.png,ir_left/000122.png,ir_right/000122.png
123,1776216880.441867,1.485762,-8.952515,0.497432824,rgb/000123.png,depth_aligned_mm/000123.png,ir_left/000123.png,ir_right/000123.png
124,1776216889.651401,1.519717,-8.920193,0.643991335,rgb/000124.png,depth_aligned_mm/000124.png,ir_left/000124.png,ir_right/000124.png
125,1776216897.657232,1.553629,-8.886433,0.868180717,rgb/000125.png,depth_aligned_mm/000125.png,ir_left/000125.png,ir_right/000125.png
126,1776216903.859376,1.574665,-8.848578,1.087763139,rgb/000126.png,depth_aligned_mm/000126.png,ir_left/000126.png,ir_right/000126.png
127,1776216909.864424,1.594830,-8.795979,1.250767530,rgb/000127.png,depth_aligned_mm/000127.png,ir_left/000127.png,ir_right/000127.png
128,1776216916.799509,1.604378,-8.754690,1.423159682,rgb/000128.png,depth_aligned_mm/000128.png,ir_left/000128.png,ir_right/000128.png
129,1776216922.537751,1.607524,-8.718306,1.545587546,rgb/000129.png,depth_aligned_mm/000129.png,ir_left/000129.png,ir_right/000129.png
130,1776216928.612834,1.607456,-8.689912,1.680259814,rgb/000130.png,depth_aligned_mm/000130.png,ir_left/000130.png,ir_right/000130.png
131,1776216934.749395,1.599310,-8.643232,1.819793690,rgb/000131.png,depth_aligned_mm/000131.png,ir_left/000131.png,ir_right/000131.png
132,1776216941.352916,1.588219,-8.587435,1.745295906,rgb/000132.png,depth_aligned_mm/000132.png,ir_left/000132.png,ir_right/000132.png
133,1776216945.625234,1.579269,-8.551029,1.831063058,rgb/000133.png,depth_aligned_mm/000133.png,ir_left/000133.png,ir_right/000133.png
134,1776216950.428135,1.559622,-8.490690,1.877900102,rgb/000134.png,depth_aligned_mm/000134.png,ir_left/000134.png,ir_right/000134.png
135,1776216957.429010,1.531596,-8.412368,1.938159935,rgb/000135.png,depth_aligned_mm/000135.png,ir_left/000135.png,ir_right/000135.png
136,1776216961.501804,1.531596,-8.412368,1.938159935,rgb/000136.png,depth_aligned_mm/000136.png,ir_left/000136.png,ir_right/000136.png
137,1776216965.171109,1.507004,-8.352232,1.983398661,rgb/000137.png,depth_aligned_mm/000137.png,ir_left/000137.png,ir_right/000137.png
138,1776216971.572878,1.481479,-8.293179,1.999305665,rgb/000138.png,depth_aligned_mm/000138.png,ir_left/000138.png,ir_right/000138.png
139,1776216977.715178,1.459693,-8.235921,1.959491245,rgb/000139.png,depth_aligned_mm/000139.png,ir_left/000139.png,ir_right/000139.png
140,1776216983.452671,1.435718,-8.176008,1.872808033,rgb/000140.png,depth_aligned_mm/000140.png,ir_left/000140.png,ir_right/000140.png
141,1776216990.858283,1.412828,-8.079517,1.796443000,rgb/000141.png,depth_aligned_mm/000141.png,ir_left/000141.png,ir_right/000141.png
142,1776216996.528865,1.394779,-7.993798,1.878994277,rgb/000142.png,depth_aligned_mm/000142.png,ir_left/000142.png,ir_right/000142.png
143,1776217003.600707,1.374505,-7.937445,1.816811827,rgb/000143.png,depth_aligned_mm/000143.png,ir_left/000143.png,ir_right/000143.png
144,1776217009.804998,1.354653,-7.847717,1.751963066,rgb/000144.png,depth_aligned_mm/000144.png,ir_left/000144.png,ir_right/000144.png
145,1776217016.343070,1.345444,-7.784294,1.697783902,rgb/000145.png,depth_aligned_mm/000145.png,ir_left/000145.png,ir_right/000145.png
146,1776217021.876454,1.340540,-7.706082,1.643830224,rgb/000146.png,depth_aligned_mm/000146.png,ir_left/000146.png,ir_right/000146.png
147,1776217028.681581,1.342949,-7.641411,1.576796099,rgb/000147.png,depth_aligned_mm/000147.png,ir_left/000147.png,ir_right/000147.png
148,1776217035.090427,1.352344,-7.553137,1.497721221,rgb/000148.png,depth_aligned_mm/000148.png,ir_left/000148.png,ir_right/000148.png
149,1776217041.561354,1.358382,-7.464366,1.418030399,rgb/000149.png,depth_aligned_mm/000149.png,ir_left/000149.png,ir_right/000149.png
150,1776217047.894008,1.378010,-7.378495,1.319964876,rgb/000150.png,depth_aligned_mm/000150.png,ir_left/000150.png,ir_right/000150.png
151,1776217054.770390,1.403491,-7.284678,1.231885779,rgb/000151.png,depth_aligned_mm/000151.png,ir_left/000151.png,ir_right/000151.png
152,1776217061.709314,1.440511,-7.201323,1.087892729,rgb/000152.png,depth_aligned_mm/000152.png,ir_left/000152.png,ir_right/000152.png
153,1776217067.645547,1.483621,-7.127432,0.981444523,rgb/000153.png,depth_aligned_mm/000153.png,ir_left/000153.png,ir_right/000153.png
154,1776217074.047310,1.538650,-7.059856,0.892430562,rgb/000154.png,depth_aligned_mm/000154.png,ir_left/000154.png,ir_right/000154.png
155,1776217079.856362,1.599610,-6.985564,0.829276380,rgb/000155.png,depth_aligned_mm/000155.png,ir_left/000155.png,ir_right/000155.png
156,1776217085.393247,1.662771,-6.923147,0.771618442,rgb/000156.png,depth_aligned_mm/000156.png,ir_left/000156.png,ir_right/000156.png
157,1776217091.464252,1.727535,-6.876925,0.680431159,rgb/000157.png,depth_aligned_mm/000157.png,ir_left/000157.png,ir_right/000157.png
158,1776217097.935722,1.793718,-6.837830,0.564400785,rgb/000158.png,depth_aligned_mm/000158.png,ir_left/000158.png,ir_right/000158.png
159,1776217104.940613,1.867383,-6.797061,0.427759220,rgb/000159.png,depth_aligned_mm/000159.png,ir_left/000159.png,ir_right/000159.png
160,1776217110.945727,1.935195,-6.787581,0.266633847,rgb/000160.png,depth_aligned_mm/000160.png,ir_left/000160.png,ir_right/000160.png
161,1776217117.883214,2.004718,-6.772132,0.212292551,rgb/000161.png,depth_aligned_mm/000161.png,ir_left/000161.png,ir_right/000161.png
162,1776217125.555521,2.092672,-6.749004,0.232562247,rgb/000162.png,depth_aligned_mm/000162.png,ir_left/000162.png,ir_right/000162.png
163,1776217130.758692,2.149344,-6.737429,0.149170001,rgb/000163.png,depth_aligned_mm/000163.png,ir_left/000163.png,ir_right/000163.png
164,1776217136.496416,2.236071,-6.734225,0.028901345,rgb/000164.png,depth_aligned_mm/000164.png,ir_left/000164.png,ir_right/000164.png
165,1776217143.368963,2.309070,-6.728912,-0.005373796,rgb/000165.png,depth_aligned_mm/000165.png,ir_left/000165.png,ir_right/000165.png
166,1776217149.573017,2.381244,-6.725501,0.022179109,rgb/000166.png,depth_aligned_mm/000166.png,ir_left/000166.png,ir_right/000166.png
167,1776217155.577288,2.453396,-6.719466,-0.058056153,rgb/000167.png,depth_aligned_mm/000167.png,ir_left/000167.png,ir_right/000167.png
168,1776217162.782371,2.495954,-6.704477,-0.103347913,rgb/000168.png,depth_aligned_mm/000168.png,ir_left/000168.png,ir_right/000168.png
169,1776217168.586781,2.547650,-6.711898,-0.081409445,rgb/000169.png,depth_aligned_mm/000169.png,ir_left/000169.png,ir_right/000169.png
170,1776217174.524560,2.626041,-6.714401,-0.000024015,rgb/000170.png,depth_aligned_mm/000170.png,ir_left/000170.png,ir_right/000170.png
171,1776217179.994956,2.689205,-6.716613,-0.002842960,rgb/000171.png,depth_aligned_mm/000171.png,ir_left/000171.png,ir_right/000171.png
172,1776217186.532899,2.745346,-6.716380,0.038088717,rgb/000172.png,depth_aligned_mm/000172.png,ir_left/000172.png,ir_right/000172.png
173,1776217193.738158,2.798580,-6.721639,-0.037548523,rgb/000173.png,depth_aligned_mm/000173.png,ir_left/000173.png,ir_right/000173.png
174,1776217199.675781,2.885163,-6.725899,-0.152330060,rgb/000174.png,depth_aligned_mm/000174.png,ir_left/000174.png,ir_right/000174.png
175,1776217205.680090,2.945888,-6.731811,-0.186021224,rgb/000175.png,depth_aligned_mm/000175.png,ir_left/000175.png,ir_right/000175.png
176,1776217212.546002,2.987332,-6.739289,-0.086617736,rgb/000176.png,depth_aligned_mm/000176.png,ir_left/000176.png,ir_right/000176.png
177,1776217218.285628,3.079872,-6.750833,-0.070604628,rgb/000177.png,depth_aligned_mm/000177.png,ir_left/000177.png,ir_right/000177.png
178,1776217226.628700,3.152958,-6.754755,-0.023027159,rgb/000178.png,depth_aligned_mm/000178.png,ir_left/000178.png,ir_right/000178.png
179,1776217232.833034,3.260172,-6.753005,0.043894989,rgb/000179.png,depth_aligned_mm/000179.png,ir_left/000179.png,ir_right/000179.png
180,1776217237.903414,3.339755,-6.752175,0.040976563,rgb/000180.png,depth_aligned_mm/000180.png,ir_left/000180.png,ir_right/000180.png
181,1776217245.708965,3.391780,-6.750428,0.054814158,rgb/000181.png,depth_aligned_mm/000181.png,ir_left/000181.png,ir_right/000181.png
182,1776217255.983274,3.443075,-6.747728,0.052720433,rgb/000182.png,depth_aligned_mm/000182.png,ir_left/000182.png,ir_right/000182.png
183,1776217262.849507,3.487784,-6.750497,0.023426526,rgb/000183.png,depth_aligned_mm/000183.png,ir_left/000183.png,ir_right/000183.png
184,1776217292.808523,3.645679,-6.764323,-0.092985864,rgb/000184.png,depth_aligned_mm/000184.png,ir_left/000184.png,ir_right/000184.png
185,1776217299.881872,3.708169,-6.767237,-0.040901557,rgb/000185.png,depth_aligned_mm/000185.png,ir_left/000185.png,ir_right/000185.png
186,1776217306.486333,3.792504,-6.760422,0.077853808,rgb/000186.png,depth_aligned_mm/000186.png,ir_left/000186.png,ir_right/000186.png
187,1776217312.156332,3.859045,-6.760103,-0.043841191,rgb/000187.png,depth_aligned_mm/000187.png,ir_left/000187.png,ir_right/000187.png
188,1776217319.095723,3.914820,-6.754891,0.024670975,rgb/000188.png,depth_aligned_mm/000188.png,ir_left/000188.png,ir_right/000188.png
189,1776217325.897196,4.028094,-6.755453,0.100618540,rgb/000189.png,depth_aligned_mm/000189.png,ir_left/000189.png,ir_right/000189.png
190,1776217333.235849,4.092958,-6.762244,-0.124690324,rgb/000190.png,depth_aligned_mm/000190.png,ir_left/000190.png,ir_right/000190.png
191,1776217341.177894,4.169709,-6.769625,-0.215599491,rgb/000191.png,depth_aligned_mm/000191.png,ir_left/000191.png,ir_right/000191.png
192,1776217347.782552,4.252048,-6.792148,-0.230183362,rgb/000192.png,depth_aligned_mm/000192.png,ir_left/000192.png,ir_right/000192.png
193,1776217353.720533,4.343080,-6.813115,-0.187166887,rgb/000193.png,depth_aligned_mm/000193.png,ir_left/000193.png,ir_right/000193.png
194,1776217360.258232,4.458717,-6.839277,-0.172247880,rgb/000194.png,depth_aligned_mm/000194.png,ir_left/000194.png,ir_right/000194.png
195,1776217366.863054,4.585287,-6.859412,-0.132312234,rgb/000195.png,depth_aligned_mm/000195.png,ir_left/000195.png,ir_right/000195.png
196,1776217374.001003,4.715049,-6.883674,-0.160000003,rgb/000196.png,depth_aligned_mm/000196.png,ir_left/000196.png,ir_right/000196.png
197,1776217381.672255,4.828397,-6.902488,-0.203662405,rgb/000197.png,depth_aligned_mm/000197.png,ir_left/000197.png,ir_right/000197.png
198,1776217388.874572,4.861394,-6.903543,-0.108950618,rgb/000198.png,depth_aligned_mm/000198.png,ir_left/000198.png,ir_right/000198.png
199,1776217397.753567,4.888189,-6.905299,0.034331101,rgb/000199.png,depth_aligned_mm/000199.png,ir_left/000199.png,ir_right/000199.png
200,1776217405.249723,4.930728,-6.894244,0.246545464,rgb/000200.png,depth_aligned_mm/000200.png,ir_left/000200.png,ir_right/000200.png
201,1776217420.241001,4.990792,-6.866822,0.529723270,rgb/000201.png,depth_aligned_mm/000201.png,ir_left/000201.png,ir_right/000201.png
202,1776217442.590391,5.027912,-6.842266,0.552167594,rgb/000202.png,depth_aligned_mm/000202.png,ir_left/000202.png,ir_right/000202.png
203,1776217450.070477,5.097583,-6.807312,0.425011070,rgb/000203.png,depth_aligned_mm/000203.png,ir_left/000203.png,ir_right/000203.png
204,1776217458.263222,5.125207,-6.795174,0.315815868,rgb/000204.png,depth_aligned_mm/000204.png,ir_left/000204.png,ir_right/000204.png
205,1776217464.446740,5.168593,-6.781650,0.196913679,rgb/000205.png,depth_aligned_mm/000205.png,ir_left/000205.png,ir_right/000205.png
206,1776217471.774436,5.206681,-6.767522,0.088042326,rgb/000206.png,depth_aligned_mm/000206.png,ir_left/000206.png,ir_right/000206.png
207,1776217479.280931,5.239438,-6.764206,-0.050963414,rgb/000207.png,depth_aligned_mm/000207.png,ir_left/000207.png,ir_right/000207.png
208,1776217486.820332,5.239438,-6.764206,-0.050963414,rgb/000208.png,depth_aligned_mm/000208.png,ir_left/000208.png,ir_right/000208.png
209,1776217491.690168,5.271246,-6.774322,-0.202116108,rgb/000209.png,depth_aligned_mm/000209.png,ir_left/000209.png,ir_right/000209.png
210,1776217498.028515,5.306248,-6.785089,-0.346215314,rgb/000210.png,depth_aligned_mm/000210.png,ir_left/000210.png,ir_right/000210.png
211,1776217524.580995,5.306248,-6.785089,-0.346215314,rgb/000211.png,depth_aligned_mm/000211.png,ir_left/000211.png,ir_right/000211.png
212,1776217530.118328,5.328621,-6.797175,-0.470094726,rgb/000212.png,depth_aligned_mm/000212.png,ir_left/000212.png,ir_right/000212.png
213,1776217536.856575,5.354755,-6.814841,-0.601905097,rgb/000213.png,depth_aligned_mm/000213.png,ir_left/000213.png,ir_right/000213.png
214,1776217545.258185,5.369466,-6.826667,-0.760826610,rgb/000214.png,depth_aligned_mm/000214.png,ir_left/000214.png,ir_right/000214.png
215,1776217552.531921,5.393955,-6.851525,-0.909575704,rgb/000215.png,depth_aligned_mm/000215.png,ir_left/000215.png,ir_right/000215.png
216,1776217559.606476,5.406176,-6.873031,-1.096178559,rgb/000216.png,depth_aligned_mm/000216.png,ir_left/000216.png,ir_right/000216.png
217,1776217565.477265,5.407580,-6.882742,-1.161483595,rgb/000217.png,depth_aligned_mm/000217.png,ir_left/000217.png,ir_right/000217.png
218,1776217572.148932,5.412211,-6.904210,-1.295334081,rgb/000218.png,depth_aligned_mm/000218.png,ir_left/000218.png,ir_right/000218.png
219,1776217578.553469,5.415560,-6.927981,-1.420317431,rgb/000219.png,depth_aligned_mm/000219.png,ir_left/000219.png,ir_right/000219.png
220,1776217584.287066,5.416493,-6.948592,-1.640802876,rgb/000220.png,depth_aligned_mm/000220.png,ir_left/000220.png,ir_right/000220.png
221,1776217590.493911,5.406058,-6.980781,-1.835877771,rgb/000221.png,depth_aligned_mm/000221.png,ir_left/000221.png,ir_right/000221.png
222,1776217596.830798,5.393253,-7.007464,-2.013364693,rgb/000222.png,depth_aligned_mm/000222.png,ir_left/000222.png,ir_right/000222.png
223,1776217601.970125,5.380134,-7.033530,-2.143203300,rgb/000223.png,depth_aligned_mm/000223.png,ir_left/000223.png,ir_right/000223.png
224,1776217608.170300,5.360914,-7.049615,-2.316616254,rgb/000224.png,depth_aligned_mm/000224.png,ir_left/000224.png,ir_right/000224.png
225,1776217613.576576,5.341201,-7.066260,-2.522893410,rgb/000225.png,depth_aligned_mm/000225.png,ir_left/000225.png,ir_right/000225.png
226,1776217618.579593,5.316843,-7.074252,-2.715856752,rgb/000226.png,depth_aligned_mm/000226.png,ir_left/000226.png,ir_right/000226.png
227,1776217623.986091,5.284102,-7.085528,-2.878325949,rgb/000227.png,depth_aligned_mm/000227.png,ir_left/000227.png,ir_right/000227.png
228,1776217629.923857,5.267347,-7.086425,-3.051243438,rgb/000228.png,depth_aligned_mm/000228.png,ir_left/000228.png,ir_right/000228.png
229,1776217635.794936,5.238736,-7.084889,2.968649629,rgb/000229.png,depth_aligned_mm/000229.png,ir_left/000229.png,ir_right/000229.png
230,1776217642.933378,5.221047,-7.075961,2.794374911,rgb/000230.png,depth_aligned_mm/000230.png,ir_left/000230.png,ir_right/000230.png
231,1776217653.007169,5.190396,-7.064228,2.604860930,rgb/000231.png,depth_aligned_mm/000231.png,ir_left/000231.png,ir_right/000231.png
232,1776217663.548117,5.168109,-7.050374,2.479075800,rgb/000232.png,depth_aligned_mm/000232.png,ir_left/000232.png,ir_right/000232.png
233,1776217677.091352,5.131552,-7.020194,2.295506596,rgb/000233.png,depth_aligned_mm/000233.png,ir_left/000233.png,ir_right/000233.png
234,1776217684.763607,5.092168,-6.970008,2.101257169,rgb/000234.png,depth_aligned_mm/000234.png,ir_left/000234.png,ir_right/000234.png
235,1776217693.436464,5.075225,-6.933879,1.984009443,rgb/000235.png,depth_aligned_mm/000235.png,ir_left/000235.png,ir_right/000235.png
236,1776217699.041139,5.054530,-6.884110,1.898646671,rgb/000236.png,depth_aligned_mm/000236.png,ir_left/000236.png,ir_right/000236.png
237,1776217705.779295,5.034848,-6.818867,1.852377318,rgb/000237.png,depth_aligned_mm/000237.png,ir_left/000237.png,ir_right/000237.png
238,1776217712.116794,5.019206,-6.760449,1.845324993,rgb/000238.png,depth_aligned_mm/000238.png,ir_left/000238.png,ir_right/000238.png
239,1776217718.521368,5.011116,-6.722399,1.861211422,rgb/000239.png,depth_aligned_mm/000239.png,ir_left/000239.png,ir_right/000239.png
240,1776217724.590643,5.007644,-6.696370,1.818182179,rgb/000240.png,depth_aligned_mm/000240.png,ir_left/000240.png,ir_right/000240.png
241,1776217730.461678,4.997729,-6.664668,1.798873773,rgb/000241.png,depth_aligned_mm/000241.png,ir_left/000241.png,ir_right/000241.png
242,1776217741.604969,4.987141,-6.611463,1.767063974,rgb/000242.png,depth_aligned_mm/000242.png,ir_left/000242.png,ir_right/000242.png
243,1776217746.674519,4.974887,-6.565742,1.856002366,rgb/000243.png,depth_aligned_mm/000243.png,ir_left/000243.png,ir_right/000243.png
244,1776217751.944213,4.963677,-6.534717,1.949644627,rgb/000244.png,depth_aligned_mm/000244.png,ir_left/000244.png,ir_right/000244.png
245,1776217756.745777,4.940329,-6.484709,2.029131942,rgb/000245.png,depth_aligned_mm/000245.png,ir_left/000245.png,ir_right/000245.png
246,1776217761.814418,4.912954,-6.436561,2.133744725,rgb/000246.png,depth_aligned_mm/000246.png,ir_left/000246.png,ir_right/000246.png
247,1776217767.486942,4.881454,-6.388757,2.210663702,rgb/000247.png,depth_aligned_mm/000247.png,ir_left/000247.png,ir_right/000247.png
248,1776217772.424914,4.844961,-6.345148,2.294726640,rgb/000248.png,depth_aligned_mm/000248.png,ir_left/000248.png,ir_right/000248.png
249,1776217778.559778,4.795822,-6.293892,2.396659456,rgb/000249.png,depth_aligned_mm/000249.png,ir_left/000249.png,ir_right/000249.png
250,1776217786.568585,4.742840,-6.248812,2.533299587,rgb/000250.png,depth_aligned_mm/000250.png,ir_left/000250.png,ir_right/000250.png
251,1776217791.773384,4.680482,-6.214989,2.660213660,rgb/000251.png,depth_aligned_mm/000251.png,ir_left/000251.png,ir_right/000251.png
252,1776217796.776363,4.643064,-6.197034,2.757998243,rgb/000252.png,depth_aligned_mm/000252.png,ir_left/000252.png,ir_right/000252.png
253,1776217802.579610,4.601899,-6.190538,2.855316597,rgb/000253.png,depth_aligned_mm/000253.png,ir_left/000253.png,ir_right/000253.png
254,1776217809.586483,4.545845,-6.178850,2.982611306,rgb/000254.png,depth_aligned_mm/000254.png,ir_left/000254.png,ir_right/000254.png
255,1776217816.189888,4.466534,-6.171161,3.123449166,rgb/000255.png,depth_aligned_mm/000255.png,ir_left/000255.png,ir_right/000255.png
256,1776217822.930115,4.406581,-6.177661,-2.992366251,rgb/000256.png,depth_aligned_mm/000256.png,ir_left/000256.png,ir_right/000256.png
257,1776217830.132069,4.331984,-6.201476,-2.843894651,rgb/000257.png,depth_aligned_mm/000257.png,ir_left/000257.png,ir_right/000257.png
258,1776217836.001450,4.274056,-6.223634,-2.701917644,rgb/000258.png,depth_aligned_mm/000258.png,ir_left/000258.png,ir_right/000258.png
259,1776217841.544402,4.252566,-6.233143,-2.666279380,rgb/000259.png,depth_aligned_mm/000259.png,ir_left/000259.png,ir_right/000259.png
260,1776217846.478712,4.201975,-6.259718,-2.712610409,rgb/000260.png,depth_aligned_mm/000260.png,ir_left/000260.png,ir_right/000260.png
261,1776217852.084925,4.142066,-6.291432,-2.674022059,rgb/000261.png,depth_aligned_mm/000261.png,ir_left/000261.png,ir_right/000261.png
262,1776217857.486347,4.068611,-6.332032,-2.655342505,rgb/000262.png,depth_aligned_mm/000262.png,ir_left/000262.png,ir_right/000262.png
263,1776217863.422781,3.999458,-6.369634,-2.636956164,rgb/000263.png,depth_aligned_mm/000263.png,ir_left/000263.png,ir_right/000263.png
264,1776217869.492841,3.926630,-6.411515,-2.597098783,rgb/000264.png,depth_aligned_mm/000264.png,ir_left/000264.png,ir_right/000264.png
265,1776217875.435289,3.840678,-6.463665,-2.525733943,rgb/000265.png,depth_aligned_mm/000265.png,ir_left/000265.png,ir_right/000265.png
266,1776217881.971244,3.763173,-6.520011,-2.508456969,rgb/000266.png,depth_aligned_mm/000266.png,ir_left/000266.png,ir_right/000266.png
267,1776217887.375210,3.734240,-6.537996,-2.542954741,rgb/000267.png,depth_aligned_mm/000267.png,ir_left/000267.png,ir_right/000267.png
268,1776217893.915215,3.670299,-6.578709,-2.570017391,rgb/000268.png,depth_aligned_mm/000268.png,ir_left/000268.png,ir_right/000268.png
269,1776217901.319830,3.552118,-6.655601,-2.578607846,rgb/000269.png,depth_aligned_mm/000269.png,ir_left/000269.png,ir_right/000269.png
270,1776217908.788478,3.513291,-6.676385,-2.720703107,rgb/000270.png,depth_aligned_mm/000270.png,ir_left/000270.png,ir_right/000270.png
271,1776217914.591767,3.438736,-6.701930,-2.889677565,rgb/000271.png,depth_aligned_mm/000271.png,ir_left/000271.png,ir_right/000271.png
272,1776217919.600410,3.395492,-6.714215,-2.847085275,rgb/000272.png,depth_aligned_mm/000272.png,ir_left/000272.png,ir_right/000272.png
273,1776217926.605557,3.339263,-6.729202,-2.866800527,rgb/000273.png,depth_aligned_mm/000273.png,ir_left/000273.png,ir_right/000273.png
274,1776217931.542357,3.280200,-6.740604,-2.920486640,rgb/000274.png,depth_aligned_mm/000274.png,ir_left/000274.png,ir_right/000274.png
275,1776217937.079748,3.195152,-6.760024,-3.037153323,rgb/000275.png,depth_aligned_mm/000275.png,ir_left/000275.png,ir_right/000275.png
276,1776217942.483634,3.121012,-6.767192,-3.074897519,rgb/000276.png,depth_aligned_mm/000276.png,ir_left/000276.png,ir_right/000276.png
277,1776217947.620860,3.039279,-6.769953,3.081621125,rgb/000277.png,depth_aligned_mm/000277.png,ir_left/000277.png,ir_right/000277.png
278,1776217956.493801,2.987260,-6.763482,3.000901030,rgb/000278.png,depth_aligned_mm/000278.png,ir_left/000278.png,ir_right/000278.png
279,1776217963.365410,2.917330,-6.749853,2.924252500,rgb/000279.png,depth_aligned_mm/000279.png,ir_left/000279.png,ir_right/000279.png
280,1776217970.103661,2.834918,-6.727501,2.830615717,rgb/000280.png,depth_aligned_mm/000280.png,ir_left/000280.png,ir_right/000280.png
281,1776217976.442258,2.763780,-6.699995,2.749821609,rgb/000281.png,depth_aligned_mm/000281.png,ir_left/000281.png,ir_right/000281.png
282,1776217982.045970,2.683252,-6.664712,2.689940094,rgb/000282.png,depth_aligned_mm/000282.png,ir_left/000282.png,ir_right/000282.png
283,1776217988.517088,2.592575,-6.616700,2.633378540,rgb/000283.png,depth_aligned_mm/000283.png,ir_left/000283.png,ir_right/000283.png
284,1776217995.121608,2.530800,-6.573892,2.561621089,rgb/000284.png,depth_aligned_mm/000284.png,ir_left/000284.png,ir_right/000284.png
285,1776218000.926234,2.462744,-6.527015,2.497253803,rgb/000285.png,depth_aligned_mm/000285.png,ir_left/000285.png,ir_right/000285.png
286,1776218008.398334,2.399168,-6.473971,2.457090394,rgb/000286.png,depth_aligned_mm/000286.png,ir_left/000286.png,ir_right/000286.png
287,1776218014.869658,2.352149,-6.419083,2.353457221,rgb/000287.png,depth_aligned_mm/000287.png,ir_left/000287.png,ir_right/000287.png
288,1776218020.673808,2.299022,-6.352026,2.231940480,rgb/000288.png,depth_aligned_mm/000288.png,ir_left/000288.png,ir_right/000288.png
289,1776218026.611333,2.248419,-6.286673,2.186702030,rgb/000289.png,depth_aligned_mm/000289.png,ir_left/000289.png,ir_right/000289.png
290,1776218033.077546,2.187368,-6.206814,2.243422171,rgb/000290.png,depth_aligned_mm/000290.png,ir_left/000290.png,ir_right/000290.png
291,1776218039.485908,2.145062,-6.144915,2.193041608,rgb/000291.png,depth_aligned_mm/000291.png,ir_left/000291.png,ir_right/000291.png
292,1776218043.957127,2.101564,-6.069743,2.098368000,rgb/000292.png,depth_aligned_mm/000292.png,ir_left/000292.png,ir_right/000292.png
293,1776218051.497264,2.063147,-5.973168,1.850577178,rgb/000293.png,depth_aligned_mm/000293.png,ir_left/000293.png,ir_right/000293.png
294,1776218096.395421,2.059107,-5.953556,1.885944201,rgb/000294.png,depth_aligned_mm/000294.png,ir_left/000294.png,ir_right/000294.png
295,1776218104.067352,2.023021,-5.882077,2.031530125,rgb/000295.png,depth_aligned_mm/000295.png,ir_left/000295.png,ir_right/000295.png
296,1776218111.072618,1.967345,-5.785840,2.175735957,rgb/000296.png,depth_aligned_mm/000296.png,ir_left/000296.png,ir_right/000296.png
297,1776218119.412044,1.944634,-5.753780,2.167639900,rgb/000297.png,depth_aligned_mm/000297.png,ir_left/000297.png,ir_right/000297.png
298,1776218128.419307,1.917820,-5.708568,2.086207543,rgb/000298.png,depth_aligned_mm/000298.png,ir_left/000298.png,ir_right/000298.png
299,1776218136.352552,1.882295,-5.642158,1.912158646,rgb/000299.png,depth_aligned_mm/000299.png,ir_left/000299.png,ir_right/000299.png
300,1776218143.162659,1.864862,-5.582352,1.837287129,rgb/000300.png,depth_aligned_mm/000300.png,ir_left/000300.png,ir_right/000300.png
301,1776218151.902511,1.850961,-5.528518,1.899897133,rgb/000301.png,depth_aligned_mm/000301.png,ir_left/000301.png,ir_right/000301.png
302,1776218158.840623,1.835251,-5.469304,1.812171450,rgb/000302.png,depth_aligned_mm/000302.png,ir_left/000302.png,ir_right/000302.png
303,1776218163.977560,1.820220,-5.412341,1.792190864,rgb/000303.png,depth_aligned_mm/000303.png,ir_left/000303.png,ir_right/000303.png
304,1776218169.514868,1.797689,-5.326978,1.801312918,rgb/000304.png,depth_aligned_mm/000304.png,ir_left/000304.png,ir_right/000304.png
305,1776218175.585812,1.769933,-5.215355,1.743251480,rgb/000305.png,depth_aligned_mm/000305.png,ir_left/000305.png,ir_right/000305.png
306,1776218181.790434,1.743178,-5.094418,1.791955050,rgb/000306.png,depth_aligned_mm/000306.png,ir_left/000306.png,ir_right/000306.png
307,1776218188.328344,1.728783,-5.035858,1.884602502,rgb/000307.png,depth_aligned_mm/000307.png,ir_left/000307.png,ir_right/000307.png
308,1776218196.466666,1.688315,-4.925456,2.020597307,rgb/000308.png,depth_aligned_mm/000308.png,ir_left/000308.png,ir_right/000308.png
309,1776218204.137078,1.645038,-4.833215,1.982052000,rgb/000309.png,depth_aligned_mm/000309.png,ir_left/000309.png,ir_right/000309.png
310,1776218212.012388,1.633054,-4.797421,1.843265993,rgb/000310.png,depth_aligned_mm/000310.png,ir_left/000310.png,ir_right/000310.png
311,1776218217.882875,1.619222,-4.742496,1.769351902,rgb/000311.png,depth_aligned_mm/000311.png,ir_left/000311.png,ir_right/000311.png
312,1776218223.554538,1.607792,-4.684732,1.661615728,rgb/000312.png,depth_aligned_mm/000312.png,ir_left/000312.png,ir_right/000312.png
313,1776218228.624150,1.608256,-4.628476,1.415091646,rgb/000313.png,depth_aligned_mm/000313.png,ir_left/000313.png,ir_right/000313.png
314,1776218234.495273,1.627401,-4.561885,1.265962901,rgb/000314.png,depth_aligned_mm/000314.png,ir_left/000314.png,ir_right/000314.png
315,1776218240.695617,1.652938,-4.497210,1.089556068,rgb/000315.png,depth_aligned_mm/000315.png,ir_left/000315.png,ir_right/000315.png
316,1776218246.633644,1.692234,-4.441115,0.897418310,rgb/000316.png,depth_aligned_mm/000316.png,ir_left/000316.png,ir_right/000316.png
317,1776218252.574069,1.742921,-4.381088,0.794565607,rgb/000317.png,depth_aligned_mm/000317.png,ir_left/000317.png,ir_right/000317.png
318,1776218258.643633,1.808814,-4.318112,0.711592250,rgb/000318.png,depth_aligned_mm/000318.png,ir_left/000318.png,ir_right/000318.png
319,1776218274.452904,1.808814,-4.318112,0.711592250,rgb/000319.png,depth_aligned_mm/000319.png,ir_left/000319.png,ir_right/000319.png
320,1776218280.662227,1.861224,-4.290080,0.568702588,rgb/000320.png,depth_aligned_mm/000320.png,ir_left/000320.png,ir_right/000320.png
321,1776218288.868264,1.929150,-4.265067,0.445732027,rgb/000321.png,depth_aligned_mm/000321.png,ir_left/000321.png,ir_right/000321.png
322,1776218299.276188,2.009326,-4.246828,0.297750929,rgb/000322.png,depth_aligned_mm/000322.png,ir_left/000322.png,ir_right/000322.png
323,1776218307.544918,2.009326,-4.246828,0.297750929,rgb/000323.png,depth_aligned_mm/000323.png,ir_left/000323.png,ir_right/000323.png
324,1776218311.884895,2.066788,-4.232903,0.209554282,rgb/000324.png,depth_aligned_mm/000324.png,ir_left/000324.png,ir_right/000324.png
325,1776218319.688490,2.137930,-4.231090,0.140010188,rgb/000325.png,depth_aligned_mm/000325.png,ir_left/000325.png,ir_right/000325.png
326,1776218326.428632,2.207726,-4.221859,0.171390126,rgb/000326.png,depth_aligned_mm/000326.png,ir_left/000326.png,ir_right/000326.png
327,1776218332.696731,2.255258,-4.214017,0.053190794,rgb/000327.png,depth_aligned_mm/000327.png,ir_left/000327.png,ir_right/000327.png
328,1776218338.770977,2.312598,-4.217224,-0.054083281,rgb/000328.png,depth_aligned_mm/000328.png,ir_left/000328.png,ir_right/000328.png
329,1776218345.242341,2.395006,-4.217357,-0.021427056,rgb/000329.png,depth_aligned_mm/000329.png,ir_left/000329.png,ir_right/000329.png
330,1776218351.513590,2.457511,-4.219055,0.005993610,rgb/000330.png,depth_aligned_mm/000330.png,ir_left/000330.png,ir_right/000330.png
331,1776218356.784030,2.537817,-4.216788,-0.018334791,rgb/000331.png,depth_aligned_mm/000331.png,ir_left/000331.png,ir_right/000331.png
332,1776218362.454762,2.619489,-4.209702,0.075568107,rgb/000332.png,depth_aligned_mm/000332.png,ir_left/000332.png,ir_right/000332.png
333,1776218368.189978,2.700117,-4.198541,0.148444071,rgb/000333.png,depth_aligned_mm/000333.png,ir_left/000333.png,ir_right/000333.png
334,1776218374.396646,2.775141,-4.182126,0.214445080,rgb/000334.png,depth_aligned_mm/000334.png,ir_left/000334.png,ir_right/000334.png
335,1776218380.000798,2.879209,-4.155550,0.273567303,rgb/000335.png,depth_aligned_mm/000335.png,ir_left/000335.png,ir_right/000335.png
336,1776218386.872498,2.980391,-4.120701,0.412391644,rgb/000336.png,depth_aligned_mm/000336.png,ir_left/000336.png,ir_right/000336.png
337,1776218394.210991,3.093708,-4.073099,0.404824385,rgb/000337.png,depth_aligned_mm/000337.png,ir_left/000337.png,ir_right/000337.png
338,1776218400.615144,3.198642,-4.027364,0.360599767,rgb/000338.png,depth_aligned_mm/000338.png,ir_left/000338.png,ir_right/000338.png
339,1776218406.886435,3.339807,-3.959252,0.511999334,rgb/000339.png,depth_aligned_mm/000339.png,ir_left/000339.png,ir_right/000339.png
340,1776218414.492490,3.422412,-3.903062,0.468861839,rgb/000340.png,depth_aligned_mm/000340.png,ir_left/000340.png,ir_right/000340.png
341,1776218421.029949,3.505136,-3.869500,0.307821284,rgb/000341.png,depth_aligned_mm/000341.png,ir_left/000341.png,ir_right/000341.png
342,1776218428.969522,3.626471,-3.836954,0.318830877,rgb/000342.png,depth_aligned_mm/000342.png,ir_left/000342.png,ir_right/000342.png
343,1776218439.240923,3.738523,-3.795112,0.244043142,rgb/000343.png,depth_aligned_mm/000343.png,ir_left/000343.png,ir_right/000343.png
344,1776218445.844395,3.844073,-3.767157,0.284651631,rgb/000344.png,depth_aligned_mm/000344.png,ir_left/000344.png,ir_right/000344.png
345,1776218452.051094,3.985999,-3.727509,0.140078454,rgb/000345.png,depth_aligned_mm/000345.png,ir_left/000345.png,ir_right/000345.png
346,1776218458.457557,4.062885,-3.719352,-0.040127025,rgb/000346.png,depth_aligned_mm/000346.png,ir_left/000346.png,ir_right/000346.png
347,1776218463.592540,4.218499,-3.712210,0.077430049,rgb/000347.png,depth_aligned_mm/000347.png,ir_left/000347.png,ir_right/000347.png
348,1776218469.531719,4.396739,-3.701323,0.199504886,rgb/000348.png,depth_aligned_mm/000348.png,ir_left/000348.png,ir_right/000348.png
349,1776218475.336420,4.534164,-3.661560,0.298397812,rgb/000349.png,depth_aligned_mm/000349.png,ir_left/000349.png,ir_right/000349.png
350,1776218481.474239,4.607871,-3.651954,0.008642425,rgb/000350.png,depth_aligned_mm/000350.png,ir_left/000350.png,ir_right/000350.png
351,1776218488.078906,4.693159,-3.655272,-0.209861022,rgb/000351.png,depth_aligned_mm/000351.png,ir_left/000351.png,ir_right/000351.png
352,1776218495.216994,4.815425,-3.658855,-0.094332945,rgb/000352.png,depth_aligned_mm/000352.png,ir_left/000352.png,ir_right/000352.png
353,1776218501.555314,4.915558,-3.661534,-0.048178080,rgb/000353.png,depth_aligned_mm/000353.png,ir_left/000353.png,ir_right/000353.png
354,1776218507.559468,4.915558,-3.661534,-0.048178080,rgb/000354.png,depth_aligned_mm/000354.png,ir_left/000354.png,ir_right/000354.png
355,1776218515.632253,4.964211,-3.671509,-0.315541351,rgb/000355.png,depth_aligned_mm/000355.png,ir_left/000355.png,ir_right/000355.png
356,1776218522.835299,5.000441,-3.689290,-0.522536276,rgb/000356.png,depth_aligned_mm/000356.png,ir_left/000356.png,ir_right/000356.png
357,1776218529.575610,5.028248,-3.706464,-0.659247138,rgb/000357.png,depth_aligned_mm/000357.png,ir_left/000357.png,ir_right/000357.png
358,1776218534.643479,5.083969,-3.754344,-0.764194047,rgb/000358.png,depth_aligned_mm/000358.png,ir_left/000358.png,ir_right/000358.png
359,1776218539.449489,5.107466,-3.788815,-0.856871577,rgb/000359.png,depth_aligned_mm/000359.png,ir_left/000359.png,ir_right/000359.png
360,1776218545.587188,5.101679,-3.811267,-0.951638122,rgb/000360.png,depth_aligned_mm/000360.png,ir_left/000360.png,ir_right/000360.png
361,1776218551.324551,5.121714,-3.844617,-1.111541364,rgb/000361.png,depth_aligned_mm/000361.png,ir_left/000361.png,ir_right/000361.png
362,1776218557.459662,5.131794,-3.866570,-1.218700042,rgb/000362.png,depth_aligned_mm/000362.png,ir_left/000362.png,ir_right/000362.png
363,1776218563.666800,5.137896,-3.887027,-1.393587807,rgb/000363.png,depth_aligned_mm/000363.png,ir_left/000363.png,ir_right/000363.png
364,1776218571.946761,5.136944,-3.916907,-1.658855103,rgb/000364.png,depth_aligned_mm/000364.png,ir_left/000364.png,ir_right/000364.png
365,1776218577.684209,5.132668,-3.946744,-1.866759047,rgb/000365.png,depth_aligned_mm/000365.png,ir_left/000365.png,ir_right/000365.png
366,1776218584.424447,5.122938,-3.974286,-2.024245903,rgb/000366.png,depth_aligned_mm/000366.png,ir_left/000366.png,ir_right/000366.png
367,1776218589.759209,5.111866,-3.985317,-2.165883820,rgb/000367.png,depth_aligned_mm/000367.png,ir_left/000367.png,ir_right/000367.png
368,1776218594.697255,5.100483,-3.998255,-2.312953836,rgb/000368.png,depth_aligned_mm/000368.png,ir_left/000368.png,ir_right/000368.png
369,1776218600.833004,5.083399,-4.003229,-2.570149381,rgb/000369.png,depth_aligned_mm/000369.png,ir_left/000369.png,ir_right/000369.png
370,1776218609.377580,5.029030,-4.038344,-2.582135849,rgb/000370.png,depth_aligned_mm/000370.png,ir_left/000370.png,ir_right/000370.png
371,1776218614.514675,4.972856,-4.074582,-2.593789394,rgb/000371.png,depth_aligned_mm/000371.png,ir_left/000371.png,ir_right/000371.png
372,1776218621.716169,4.930746,-4.097952,-2.662289318,rgb/000372.png,depth_aligned_mm/000372.png,ir_left/000372.png,ir_right/000372.png
373,1776218627.655908,4.910569,-4.106381,-2.763745366,rgb/000373.png,depth_aligned_mm/000373.png,ir_left/000373.png,ir_right/000373.png
374,1776218632.460550,4.884369,-4.106189,-2.960988856,rgb/000374.png,depth_aligned_mm/000374.png,ir_left/000374.png,ir_right/000374.png
375,1776218639.265648,4.823614,-4.102910,3.071085576,rgb/000375.png,depth_aligned_mm/000375.png,ir_left/000375.png,ir_right/000375.png
376,1776218643.602252,4.769644,-4.095009,2.975976248,rgb/000376.png,depth_aligned_mm/000376.png,ir_left/000376.png,ir_right/000376.png
377,1776218648.806129,4.710738,-4.082008,2.944230436,rgb/000377.png,depth_aligned_mm/000377.png,ir_left/000377.png,ir_right/000377.png
378,1776218653.676336,4.672426,-4.073003,2.956662493,rgb/000378.png,depth_aligned_mm/000378.png,ir_left/000378.png,ir_right/000378.png
379,1776218659.480542,4.618308,-4.055895,2.890862895,rgb/000379.png,depth_aligned_mm/000379.png,ir_left/000379.png,ir_right/000379.png
380,1776218665.885403,4.591863,-4.049487,2.798593587,rgb/000380.png,depth_aligned_mm/000380.png,ir_left/000380.png,ir_right/000380.png
381,1776218672.221562,4.561027,-4.039767,2.741301150,rgb/000381.png,depth_aligned_mm/000381.png,ir_left/000381.png,ir_right/000381.png
382,1776218677.824258,4.521255,-4.013741,2.594426071,rgb/000382.png,depth_aligned_mm/000382.png,ir_left/000382.png,ir_right/000382.png
383,1776218694.506011,4.472814,-3.984200,2.557315504,rgb/000383.png,depth_aligned_mm/000383.png,ir_left/000383.png,ir_right/000383.png
384,1776218700.643720,4.413118,-3.944083,2.553015494,rgb/000384.png,depth_aligned_mm/000384.png,ir_left/000384.png,ir_right/000384.png
385,1776218706.114326,4.365125,-3.915927,2.614682566,rgb/000385.png,depth_aligned_mm/000385.png,ir_left/000385.png,ir_right/000385.png
386,1776218712.785774,4.299579,-3.882037,2.690919534,rgb/000386.png,depth_aligned_mm/000386.png,ir_left/000386.png,ir_right/000386.png
387,1776218719.319695,4.207010,-3.855104,2.815545216,rgb/000387.png,depth_aligned_mm/000387.png,ir_left/000387.png,ir_right/000387.png
388,1776218725.528342,4.136687,-3.831111,2.877512583,rgb/000388.png,depth_aligned_mm/000388.png,ir_left/000388.png,ir_right/000388.png
389,1776218732.933255,4.036170,-3.805054,2.948008156,rgb/000389.png,depth_aligned_mm/000389.png,ir_left/000389.png,ir_right/000389.png
390,1776218739.605000,3.922151,-3.788200,3.060938408,rgb/000390.png,depth_aligned_mm/000390.png,ir_left/000390.png,ir_right/000390.png
391,1776218746.675063,3.861508,-3.787190,3.057188050,rgb/000391.png,depth_aligned_mm/000391.png,ir_left/000391.png,ir_right/000391.png
392,1776218751.480313,3.790735,-3.779349,3.039364528,rgb/000392.png,depth_aligned_mm/000392.png,ir_left/000392.png,ir_right/000392.png
393,1776218756.417220,3.718555,-3.779838,3.042208471,rgb/000393.png,depth_aligned_mm/000393.png,ir_left/000393.png,ir_right/000393.png
394,1776218762.421432,3.614085,-3.771894,3.035212389,rgb/000394.png,depth_aligned_mm/000394.png,ir_left/000394.png,ir_right/000394.png
395,1776218769.356048,3.507475,-3.758643,2.976798323,rgb/000395.png,depth_aligned_mm/000395.png,ir_left/000395.png,ir_right/000395.png
396,1776218774.830764,3.365661,-3.722747,2.937462783,rgb/000396.png,depth_aligned_mm/000396.png,ir_left/000396.png,ir_right/000396.png
397,1776218780.901764,3.336073,-3.707938,2.784116140,rgb/000397.png,depth_aligned_mm/000397.png,ir_left/000397.png,ir_right/000397.png
398,1776218787.573249,3.224490,-3.668836,2.758688352,rgb/000398.png,depth_aligned_mm/000398.png,ir_left/000398.png,ir_right/000398.png
399,1776218794.044487,3.111827,-3.620086,2.818931867,rgb/000399.png,depth_aligned_mm/000399.png,ir_left/000399.png,ir_right/000399.png
400,1776218801.983636,3.077955,-3.621269,2.741492270,rgb/000400.png,depth_aligned_mm/000400.png,ir_left/000400.png,ir_right/000400.png
401,1776218810.520604,2.949270,-3.513388,2.425828006,rgb/000401.png,depth_aligned_mm/000401.png,ir_left/000401.png,ir_right/000401.png
402,1776218816.260498,2.911941,-3.485184,2.435958980,rgb/000402.png,depth_aligned_mm/000402.png,ir_left/000402.png,ir_right/000402.png
403,1776218824.266239,2.779234,-3.373029,2.493455643,rgb/000403.png,depth_aligned_mm/000403.png,ir_left/000403.png,ir_right/000403.png
404,1776218830.604306,2.704688,-3.318543,2.615452900,rgb/000404.png,depth_aligned_mm/000404.png,ir_left/000404.png,ir_right/000404.png
405,1776218868.965470,2.690778,-3.323630,2.414729117,rgb/000405.png,depth_aligned_mm/000405.png,ir_left/000405.png,ir_right/000405.png
406,1776218881.040766,2.683856,-3.301372,2.232761165,rgb/000406.png,depth_aligned_mm/000406.png,ir_left/000406.png,ir_right/000406.png
407,1776218887.245477,2.668909,-3.265265,1.908863015,rgb/000407.png,depth_aligned_mm/000407.png,ir_left/000407.png,ir_right/000407.png
408,1776218892.648100,2.660067,-3.237509,1.704859413,rgb/000408.png,depth_aligned_mm/000408.png,ir_left/000408.png,ir_right/000408.png
409,1776218912.330173,2.662040,-3.223316,1.451843799,rgb/000409.png,depth_aligned_mm/000409.png,ir_left/000409.png,ir_right/000409.png
410,1776218918.931873,2.662978,-3.211296,1.513980021,rgb/000410.png,depth_aligned_mm/000410.png,ir_left/000410.png,ir_right/000410.png
411,1776218924.800643,2.664556,-3.172960,1.508728944,rgb/000411.png,depth_aligned_mm/000411.png,ir_left/000411.png,ir_right/000411.png
412,1776218935.808708,2.662503,-3.141994,1.645756897,rgb/000412.png,depth_aligned_mm/000412.png,ir_left/000412.png,ir_right/000412.png
413,1776218940.417303,2.663127,-3.129143,1.720679405,rgb/000413.png,depth_aligned_mm/000413.png,ir_left/000413.png,ir_right/000413.png
414,1776218945.487486,2.658387,-3.095737,1.877617762,rgb/000414.png,depth_aligned_mm/000414.png,ir_left/000414.png,ir_right/000414.png
415,1776218953.893563,2.658387,-3.095737,1.877617762,rgb/000415.png,depth_aligned_mm/000415.png,ir_left/000415.png,ir_right/000415.png
416,1776218959.497797,2.645423,-3.075850,2.066684503,rgb/000416.png,depth_aligned_mm/000416.png,ir_left/000416.png,ir_right/000416.png
417,1776218964.563939,2.634328,-3.055225,2.284350723,rgb/000417.png,depth_aligned_mm/000417.png,ir_left/000417.png,ir_right/000417.png
418,1776218969.502595,2.615529,-3.037195,2.532617141,rgb/000418.png,depth_aligned_mm/000418.png,ir_left/000418.png,ir_right/000418.png
419,1776218976.040542,2.602238,-3.025241,2.582471606,rgb/000419.png,depth_aligned_mm/000419.png,ir_left/000419.png,ir_right/000419.png
420,1776218983.715166,2.550352,-3.000486,2.850872850,rgb/000420.png,depth_aligned_mm/000420.png,ir_left/000420.png,ir_right/000420.png
421,1776218988.985509,2.550352,-3.000486,2.850872850,rgb/000421.png,depth_aligned_mm/000421.png,ir_left/000421.png,ir_right/000421.png
422,1776218996.590863,2.511016,-2.994648,2.987478668,rgb/000422.png,depth_aligned_mm/000422.png,ir_left/000422.png,ir_right/000422.png
423,1776219002.328467,2.459821,-2.991326,-3.114296668,rgb/000423.png,depth_aligned_mm/000423.png,ir_left/000423.png,ir_right/000423.png
424,1776219010.534438,2.411917,-3.000131,-2.969623687,rgb/000424.png,depth_aligned_mm/000424.png,ir_left/000424.png,ir_right/000424.png
425,1776219020.408135,2.338215,-3.007491,-2.988733942,rgb/000425.png,depth_aligned_mm/000425.png,ir_left/000425.png,ir_right/000425.png
426,1776219026.611046,2.280143,-3.010468,3.037488138,rgb/000426.png,depth_aligned_mm/000426.png,ir_left/000426.png,ir_right/000426.png
427,1776219033.884822,2.212885,-2.999805,2.877401924,rgb/000427.png,depth_aligned_mm/000427.png,ir_left/000427.png,ir_right/000427.png
428,1776219039.755665,2.140233,-2.979073,2.812199026,rgb/000428.png,depth_aligned_mm/000428.png,ir_left/000428.png,ir_right/000428.png
429,1776219045.556070,2.028736,-2.940554,2.752629230,rgb/000429.png,depth_aligned_mm/000429.png,ir_left/000429.png,ir_right/000429.png
430,1776219051.496073,1.955157,-2.911021,2.717753029,rgb/000430.png,depth_aligned_mm/000430.png,ir_left/000430.png,ir_right/000430.png
431,1776219056.700813,1.874563,-2.851625,2.567056940,rgb/000431.png,depth_aligned_mm/000431.png,ir_left/000431.png,ir_right/000431.png
432,1776219062.171777,1.789601,-2.789213,2.488236508,rgb/000432.png,depth_aligned_mm/000432.png,ir_left/000432.png,ir_right/000432.png
433,1776219067.976017,1.709130,-2.731135,2.449532152,rgb/000433.png,depth_aligned_mm/000433.png,ir_left/000433.png,ir_right/000433.png
434,1776219073.847097,1.623232,-2.664072,2.443305817,rgb/000434.png,depth_aligned_mm/000434.png,ir_left/000434.png,ir_right/000434.png
435,1776219080.384946,1.541570,-2.601400,2.455191515,rgb/000435.png,depth_aligned_mm/000435.png,ir_left/000435.png,ir_right/000435.png
436,1776219088.324094,1.437163,-2.515931,2.456209758,rgb/000436.png,depth_aligned_mm/000436.png,ir_left/000436.png,ir_right/000436.png
437,1776219122.148727,1.352797,-2.446502,2.461046710,rgb/000437.png,depth_aligned_mm/000437.png,ir_left/000437.png,ir_right/000437.png
438,1776219212.814385,1.299620,-2.399303,2.452869237,rgb/000438.png,depth_aligned_mm/000438.png,ir_left/000438.png,ir_right/000438.png
439,1776219225.620016,1.299620,-2.399303,2.452869237,rgb/000439.png,depth_aligned_mm/000439.png,ir_left/000439.png,ir_right/000439.png
