idx,ts_system,world_frame,base_frame,x,y,z,qx,qy,qz,qw,yaw_rad
0,1774839651.176594,map,base_footprint,0.48323429838727366,0.09564988503687677,0.0,0.0,0.0,-0.007485941051857633,0.9999719799507225,-0.014972021942907364
1,1774839655.628914,map,base_footprint,0.5645082532969168,0.08901592990276674,0.0,0.0,0.0,-0.046732339406127185,0.9989074473912137,-0.09349873205425764
2,1774839661.2782578,map,base_footprint,0.5953526792425645,0.07446195975114317,0.0,0.0,0.0,-0.04615653050294946,0.9989342194018234,-0.09234587014972398
3,1774839664.0405579,map,base_footprint,0.6558798037811542,0.07430647384619471,0.0,0.0,0.0,-0.03424521102627126,0.9994134607467353,-0.06850381596868706
4,1774839684.9920807,map,base_footprint,0.7416370584933509,0.07539936634947492,0.0,0.0,0.0,-0.060725457462400934,0.9981545064848338,-0.12152568241284752
5,1774839688.372523,map,base_footprint,0.8349427892017492,0.07080745531894223,0.0,0.0,0.0,-0.0511592806002352,0.9986905066177741,-0.10236324643361022
6,1774839691.2882826,map,base_footprint,0.9373523921610921,0.056613089023441365,0.0,0.0,0.0,-0.04602039720859307,0.9989405002505221,-0.09207331393224627
7,1774839696.0837924,map,base_footprint,1.0046818115777312,0.043167906270984824,0.0,0.0,0.0,-0.03743652079106957,0.99929900776047,-0.07489054162956277
8,1774839698.8803687,map,base_footprint,1.1236816595244372,0.03884047930755835,0.0,0.0,0.0,-0.040188523262150014,0.9991921149598848,-0.08039869865925449
9,1774839701.2914824,map,base_footprint,1.2346701760653882,0.027606492559251128,0.0,0.0,0.0,-0.06615508770835016,0.9978093527173919,-0.1324068751314065
10,1774839703.7201736,map,base_footprint,1.3512548647359324,-0.0006350385770158562,0.0,0.0,0.0,-0.05910627217215062,0.9982516960115378,-0.11828148304462024
11,1774839706.5149088,map,base_footprint,1.4587817807157866,-0.001554355221964121,0.0,0.0,0.0,-0.038537228299019635,0.999257165115682,-0.07709354680219115
12,1774839709.2793658,map,base_footprint,1.5743654102900309,-0.019493299529161512,0.0,0.0,0.0,-0.026059958279335566,0.9996603816169166,-0.0521258176542565
13,1774839711.82979,map,base_footprint,1.695393192156808,-0.02429622977251983,0.0,0.0,0.0,-0.019697055029736128,0.9998059941924511,-0.03939665781923035
14,1774839714.9430408,map,base_footprint,1.8212005232190396,-0.031335577867381836,0.0,0.0,0.0,-0.02755114487211748,0.9996203951581999,-0.055109263168431746
15,1774839717.8782773,map,base_footprint,1.9349738736868878,-0.047555438118566995,0.0,0.0,0.0,-0.048251354357481506,0.9988352250509934,-0.09654019415959464
16,1774839720.7404962,map,base_footprint,2.065355826255844,-0.054883912510529875,0.0,0.0,0.0,-0.08021236000350382,0.9967777973563959,-0.16059724938297712
17,1774839724.4573615,map,base_footprint,2.187469844802244,-0.05640404103748253,0.0,0.0,0.0,-0.08924778710753221,0.9960094540195934,-0.17873338545580178
18,1774839728.0552201,map,base_footprint,2.3075542128538227,-0.07909639215648001,0.0,0.0,0.0,-0.011332147902570797,0.9999357891504406,-0.02266478091549746
19,1774839731.006887,map,base_footprint,2.3951059607463843,-0.08692964385962265,0.0,0.0,0.0,0.03868190913547232,0.9992515748827395,0.07738312439232978
20,1774839734.2988286,map,base_footprint,2.524664425691198,-0.07001845420466168,0.0,0.0,0.0,0.049945937140751524,0.998751922833259,0.0999334526285823
21,1774839737.4956481,map,base_footprint,2.635351481035374,-0.06650780370413373,0.0,0.0,0.0,-0.009663855196819138,0.9999533038611028,-0.019328011242407378
22,1774839740.41337,map,base_footprint,2.7398865340171255,-0.06538638144650522,0.0,0.0,0.0,-0.06851884501423655,0.9976498222712792,-0.13714514535994451
23,1774839743.2717917,map,base_footprint,2.8379676925513193,-0.07202942747298069,0.0,0.0,0.0,-0.06837602377047362,0.9976596209997374,-0.13685883138694016
24,1774839746.3077345,map,base_footprint,2.936573530006462,-0.09388512423041256,0.0,0.0,0.0,0.00013993603141233534,0.9999999902089536,0.0002798720637380841
25,1774839750.744216,map,base_footprint,3.0528998158377547,-0.08968953525910284,0.0,0.0,0.0,0.025378122843442624,0.9996779235738594,0.050761695519068416
26,1774839763.615867,map,base_footprint,3.132490242349775,-0.08220146468742173,0.0,0.0,0.0,-0.009973357000614315,0.999950264838276,-0.01994704469215633
27,1774839766.158657,map,base_footprint,3.209865889396655,-0.07147558963430523,0.0,0.0,0.0,-0.03179260688319409,0.9994944873022416,-0.06359593031100877
28,1774839768.565755,map,base_footprint,3.301694300694764,-0.0672251327108726,0.0,0.0,0.0,0.013672125178617501,0.9999065321284286,0.02734510232538128
29,1774839770.9310815,map,base_footprint,3.4336709641624776,-0.060060693105634444,0.0,0.0,0.0,0.04564854340509039,0.9989575619039047,0.09132882389793925
30,1774839773.492255,map,base_footprint,3.4662689458837015,-0.057341407047354465,0.0,0.0,0.0,0.015570166250365156,0.9998787776140345,0.031141590863549052
31,1774839775.7841606,map,base_footprint,3.559051064539913,-0.07349597467406288,0.0,0.0,0.0,-0.05039124323099108,0.9987295542866623,-0.10082518772192488
32,1774839777.6985261,map,base_footprint,3.6567365713681252,-0.07304329065511106,0.0,0.0,0.0,-0.061924805797367206,0.9980808175829041,-0.12392890246651152
33,1774839779.8509762,map,base_footprint,3.740207771451337,-0.07038257273766191,0.0,0.0,0.0,-0.05598759201272573,0.998431464618687,-0.11203376646187338
34,1774839782.2658021,map,base_footprint,3.8295355558765425,-0.07725631250034404,0.0,0.0,0.0,-0.04157473847406535,0.9991353967910521,-0.08317344900706042
35,1774839784.550297,map,base_footprint,3.921131299311105,-0.08619620492302571,0.0,0.0,0.0,-0.04952863742159791,0.9987727039097333,-0.09909781894978588
36,1774839786.7679477,map,base_footprint,3.9942724915111483,-0.09298456829017887,0.0,0.0,0.0,-0.05329395405115799,0.9985788674218943,-0.1066384286715987
37,1774839789.1175463,map,base_footprint,4.092108038087029,-0.0987008417200691,0.0,0.0,0.0,-0.06325101803528582,0.9979976496552986,-0.12658653755358565
38,1774839791.3143775,map,base_footprint,4.177523813990338,-0.11598600597740638,0.0,0.0,0.0,-0.0721137968295798,0.9973964108150891,-0.14435289396208445
39,1774839793.9310646,map,base_footprint,4.2864859066852325,-0.14589772076608798,0.0,0.0,0.0,-0.09095369862324203,0.9958551223480012,-0.1821591426460462
40,1774839796.155227,map,base_footprint,4.390731870326196,-0.15370982190987625,0.0,0.0,0.0,-0.06584875717248714,0.9978296153045563,-0.13179287522788546
41,1774839798.4399216,map,base_footprint,4.45790490325739,-0.16585887508452213,0.0,0.0,0.0,-0.04992374737858848,0.9987530322595666,-0.09988901767065028
42,1774839800.964604,map,base_footprint,4.546944388011467,-0.1721685033252025,0.0,0.0,0.0,-0.05644637699938685,0.9984056322575725,-0.11295278980995935
43,1774839803.2509508,map,base_footprint,4.635937963206712,-0.19435460310473474,0.0,0.0,0.0,-0.03178413507144074,0.9994947567435061,-0.06357897812023829
44,1774839805.865282,map,base_footprint,4.723932981760243,-0.18230659255767723,0.0,0.0,0.0,-0.028932438685045355,0.9995813693700659,-0.05787295339247653
45,1774839808.1623785,map,base_footprint,4.831110551433712,-0.20467578691854277,0.0,0.0,0.0,-0.04620156958236824,0.9989321373187098,-0.0924360445085036
46,1774839811.3164995,map,base_footprint,4.934408224230716,-0.20923124638475266,0.0,0.0,0.0,-0.07416851935761969,0.9972457223454501,-0.1484733760617895
47,1774839814.1202314,map,base_footprint,5.014646823210826,-0.22351318925448782,0.0,0.0,0.0,-0.0952206054443576,0.9954561950677739,-0.1907301787335008
48,1774839816.0986342,map,base_footprint,5.0075638751995655,-0.21909348694150954,0.0,0.0,0.0,-0.09678013719679751,0.9953057846934122,-0.19386371543808176
49,1774839818.424494,map,base_footprint,5.101197841402936,-0.23216617971896392,0.0,0.0,0.0,-0.08949637620966337,0.9959871478314057,-0.17923256120863132
50,1774839821.343224,map,base_footprint,5.208459684383943,-0.26006490334653515,0.0,0.0,0.0,-0.05493581935837353,0.9984898876560664,-0.10992697831842094
51,1774839823.5437438,map,base_footprint,5.308301928308765,-0.2579134333484332,0.0,0.0,0.0,-0.021535565147395398,0.9997680828241029,-0.04307446024866913
52,1774839826.1582024,map,base_footprint,5.43219744068723,-0.25211325099941295,0.0,0.0,0.0,-0.012733713452580306,0.9999189229841126,-0.025468115201807945
53,1774839828.5728054,map,base_footprint,5.523001512368494,-0.26975212523413206,0.0,0.0,0.0,-0.03796734746056814,0.9992789803287211,-0.07595295032250306
54,1774839831.3801303,map,base_footprint,5.647031905276989,-0.28139242486892263,0.0,0.0,0.0,-0.07633327892888327,0.9970823589493324,-0.15281520675931767
55,1774839834.2122526,map,base_footprint,5.749555183338538,-0.3030742083035699,0.0,0.0,0.0,-0.10252965633937676,0.9947299480617487,-0.2054202981678191
56,1774839837.565212,map,base_footprint,5.852682902609722,-0.3159839354132581,0.0,0.0,0.0,-0.11194643005238045,0.993714243028914,-0.22436315481617738
57,1774839839.744985,map,base_footprint,5.950189897085579,-0.3320862626475145,0.0,0.0,0.0,-0.09205965482850018,0.9957534935679901,-0.18438037443373734
58,1774839842.391447,map,base_footprint,6.072490720695612,-0.35377911970166576,0.0,0.0,0.0,-0.06895777578291809,0.9976195793783685,-0.13802508821124698
59,1774839844.9543362,map,base_footprint,6.19221185826906,-0.3756375564349774,0.0,0.0,0.0,-0.0827926619087438,0.9965667941157103,-0.1657750806020772
60,1774839847.5743756,map,base_footprint,6.307895351395699,-0.3921473643356699,0.0,0.0,0.0,-0.10764990075051105,0.9941888647879764,-0.215717818743702
61,1774839850.0821018,map,base_footprint,6.438795627826048,-0.4155529587257931,0.0,0.0,0.0,-0.07131877173988736,0.997453574256724,-0.14275873890571472
62,1774839853.5350115,map,base_footprint,6.542720676025674,-0.42339546904722547,0.0,0.0,0.0,-0.0018876715107792286,0.9999982183465466,-0.0037753452636776997
63,1774839855.8173606,map,base_footprint,6.659595110353109,-0.40467224806416713,0.0,0.0,0.0,0.062447055682566366,0.998048278008924,0.12497542771267182
64,1774839859.0886533,map,base_footprint,6.723087956639455,-0.4059867541707576,0.0,0.0,0.0,-0.010384795825400917,0.9999460765539634,-0.020769964981505885
65,1774839862.1275134,map,base_footprint,6.812447453870928,-0.40815437278521405,0.0,0.0,0.0,-0.10471699642439543,0.9945020616669696,-0.20981865731899244
66,1774839864.8318896,map,base_footprint,6.876232000226478,-0.42617472691184966,0.0,0.0,0.0,-0.13407758852077875,0.9909708372381363,-0.2689651754875113
67,1774839867.7332394,map,base_footprint,6.939349436387682,-0.4397784349731637,0.0,0.0,0.0,-0.12426321076264668,0.9922492904764195,-0.24917050417481
68,1774839870.2741857,map,base_footprint,7.044558734834151,-0.4642341862546897,0.0,0.0,0.0,-0.09106817743369701,0.9958446601046294,-0.18238905442559752
69,1774839872.66854,map,base_footprint,7.1527059013508705,-0.4711970064536808,0.0,0.0,0.0,-0.06746149323029868,0.9977218785468916,-0.13502553689894947
70,1774839874.8995996,map,base_footprint,7.249640796611384,-0.48597144627297895,0.0,0.0,0.0,-0.03320997097070515,0.9994483967810068,-0.06643215712121918
71,1774839877.5489426,map,base_footprint,7.352876993287666,-0.48860611425708045,0.0,0.0,0.0,0.005852112862352731,0.9999828762409115,0.011704292531943602
72,1774839880.044196,map,base_footprint,7.439336046559563,-0.49485687669298084,0.0,0.0,0.0,0.02844036080125667,0.9995954911250322,0.05688839242926228
73,1774839882.6599782,map,base_footprint,7.4937309642702346,-0.4776472049156453,0.0,0.0,0.0,0.044849056852241435,0.9989937748051608,0.08972821131946897
74,1774839885.3274927,map,base_footprint,7.621906846080266,-0.46725656494325285,0.0,0.0,0.0,0.08213777087323612,0.9966209844248594,0.1644608220681
75,1774839887.874115,map,base_footprint,7.740289651677776,-0.4511538737876082,0.0,0.0,0.0,0.12064139147390342,0.9926961542502521,0.24187193528171166
76,1774839898.0080364,map,base_footprint,7.814302096833894,-0.4283766621543894,0.0,0.0,0.0,0.11267230907462703,0.993632200951535,0.22582415622771465
77,1774839900.5499153,map,base_footprint,7.890347276216359,-0.4058189346886978,0.0,0.0,0.0,0.08024213224282546,0.9967754010874892,0.16065698641802126
78,1774839903.1559043,map,base_footprint,7.982931186769563,-0.37986658506439164,0.0,0.0,0.0,0.08311925880640227,0.9965396072487407,0.16643053360651633
79,1774839905.4733028,map,base_footprint,8.080365776197063,-0.3691496533586065,0.0,0.0,0.0,0.08311361463343543,0.9965400780011634,0.16641920606550814
80,1774839908.409813,map,base_footprint,8.155828195806684,-0.35780160731062016,0.0,0.0,0.0,0.07254890289305611,0.997364856353488,0.14522539146589528
81,1774839911.3879564,map,base_footprint,8.218368368666,-0.3608126179766209,0.0,0.0,0.0,0.04006121695992005,0.9991972272257816,0.08014388084298547
82,1774839914.9011266,map,base_footprint,8.276607624376547,-0.35537664258541857,0.0,0.0,0.0,-0.00739643646286781,0.9999726459897045,-0.014793007808677561
83,1774839918.088668,map,base_footprint,8.347637456394532,-0.3543604125218991,0.0,0.0,0.0,-0.0897141053141378,0.9959675593651048,-0.1796697781851433
84,1774839920.7123215,map,base_footprint,8.42540986421925,-0.37883814687542805,0.0,0.0,0.0,-0.1466036471381317,0.9891953147107998,-0.2942678836086782
85,1774839923.1163719,map,base_footprint,8.479597485295418,-0.3935406414186253,0.0,0.0,0.0,-0.15707697679180468,0.9875863624827689,-0.3154603739651135
86,1774839925.9336445,map,base_footprint,8.544065821453056,-0.41395763349124026,0.0,0.0,0.0,-0.18291072993958482,0.9831295259898201,-0.36789263715397325
87,1774839928.2901006,map,base_footprint,8.61854706369507,-0.4459628609670869,0.0,0.0,0.0,-0.20530301861177203,0.978698457416223,-0.4135466221537234
88,1774839931.2848988,map,base_footprint,8.719611645323418,-0.48329414207475596,0.0,0.0,0.0,-0.1564831777938311,0.9876806240215226,-0.3142579056726887
89,1774839933.7716665,map,base_footprint,8.815793209678716,-0.5120702722918427,0.0,0.0,0.0,-0.10987036269775839,0.99394592579308,-0.22018524426137284
90,1774839936.902679,map,base_footprint,8.9054269227501,-0.5249097611035272,0.0,0.0,0.0,-0.04330220490187162,0.9990620196217231,-0.08663149771287597
91,1774839939.5193822,map,base_footprint,8.97850679608691,-0.5252023246837786,0.0,0.0,0.0,0.016233364712978978,0.9998682302534146,0.032468155545362296
92,1774839948.3414886,map,base_footprint,9.143959639268509,-0.5132054004333693,0.0,0.0,0.0,0.1106569010341774,0.9938586671421205,0.2217679718557581
93,1774839950.977708,map,base_footprint,9.232645090391404,-0.4949060691319256,0.0,0.0,0.0,0.14345584163681563,0.9896567190194148,0.2879049968589952
94,1774839953.4783554,map,base_footprint,9.340426378451898,-0.4527910203765091,0.0,0.0,0.0,0.21218482835310917,0.9772295526726367,0.4276203126136851
95,1774839957.1910622,map,base_footprint,9.414602493632628,-0.4139799739434248,0.0,0.0,0.0,0.2710584787975796,0.9625628816196592,0.5489850157446364
96,1774839959.7639756,map,base_footprint,9.496880075448548,-0.36781527096570066,0.0,0.0,0.0,0.32929759751148285,0.9442261870299751,0.6711191727465277
97,1774839962.4658368,map,base_footprint,9.573834746434061,-0.2819813360300242,0.0,0.0,0.0,0.4093204819117909,0.9123906745947699,0.8434183421380546
98,1774839965.3989282,map,base_footprint,9.634697814173302,-0.20807690366176934,0.0,0.0,0.0,0.4772360584770503,0.878775138752394,0.9950135920668357
99,1774839968.6971154,map,base_footprint,9.684922594734307,-0.12149494042974718,0.0,0.0,0.0,0.5187208274766869,0.8549436841932345,1.0907081272612371
100,1774839971.4913604,map,base_footprint,9.704094468205982,-0.07661823593757355,0.0,0.0,0.0,0.587681203594122,0.8090925799574262,1.256379850923457
101,1774839973.7518265,map,base_footprint,9.711455626786115,-0.04151917149755713,0.0,0.0,0.0,0.6276518915228956,0.7784941252621829,1.3570666239811
102,1774839976.128299,map,base_footprint,9.70164410483182,-0.011462562128744302,0.0,0.0,0.0,0.7011855708277887,0.7129788182428061,1.5541179630491615
103,1774839978.529837,map,base_footprint,9.694672892560828,0.021815436229211116,0.0,0.0,0.0,0.7652379439563082,0.6437475352415122,1.7428217447250418
104,1774839981.3838818,map,base_footprint,9.684358402746602,0.06759552617743891,0.0,0.0,0.0,0.8474224617435654,0.5309191758944812,2.0222229139496037
105,1774839988.7985263,map,base_footprint,9.650324406152635,0.1146316731662459,0.0,0.0,0.0,0.9293239909530304,0.3692653786088426,2.385155840883247
106,1774839991.3397946,map,base_footprint,9.630609287529062,0.11150318502350831,0.0,0.0,0.0,0.9465715164022916,0.3224939756582533,2.484866543575508
107,1774839993.507581,map,base_footprint,9.647121143839522,0.14762391533484964,0.0,0.0,0.0,0.9573473966112525,0.28893937461283703,2.5553551077621406
108,1774839995.9861717,map,base_footprint,9.635415390561171,0.15133921817052437,0.0,0.0,0.0,0.9712758239338909,0.23795645366650925,2.6610700026375786
109,1774839998.4882417,map,base_footprint,9.623181427019464,0.1378738938416596,0.0,0.0,0.0,0.9830421256375669,0.1833798768185159,2.7727455791777316
110,1774840002.70373,map,base_footprint,9.589810785029556,0.14149908681029227,0.0,0.0,0.0,0.9913688074922405,0.13110258399975533,2.878630490341758
111,1774840016.6235983,map,base_footprint,9.613953765593873,0.1664715085688327,0.0,0.0,0.0,0.9913832991449866,0.13099295468231076,2.878851656299854
112,1774840020.024675,map,base_footprint,9.533675571477701,0.1557815583479472,0.0,0.0,0.0,0.9961799175113883,0.08732452088046999,2.9667208802016987
113,1774840022.6013722,map,base_footprint,9.497949104769708,0.18126376076757084,0.0,0.0,0.0,0.9979209866740527,0.06444923859507644,3.0126047748311433
114,1774840024.806278,map,base_footprint,9.434478952082994,0.18635843820252257,0.0,0.0,0.0,0.9991205399596349,0.04193025913069948,3.057707542685286
115,1774840027.01006,map,base_footprint,9.369141391722339,0.19355738292537006,0.0,0.0,0.0,0.9998182344265587,0.019065626351077954,3.103459090403312
116,1774840029.3613234,map,base_footprint,9.323967901540552,0.18441692942736565,0.0,0.0,0.0,0.9995198978502319,-0.030983443989689018,-3.0796158468935455
117,1774840031.44308,map,base_footprint,9.230846629492316,0.1877197960474009,0.0,0.0,0.0,0.996091425990574,-0.0883282008650965,-2.964705733212834
118,1774840034.431487,map,base_footprint,9.15315772843233,0.16235218716268845,0.0,0.0,0.0,0.9925880891848424,-0.12152730231673559,-2.8979357632580265
119,1774840036.545135,map,base_footprint,9.086184865239733,0.13648575733315893,0.0,0.0,0.0,0.9864092943088227,-0.16430673784471023,-2.811482341157331
120,1774840038.8533025,map,base_footprint,9.060733521901113,0.1232209385603878,0.0,0.0,0.0,0.9886249174723327,-0.1504020363985252,-2.8396428087416856
121,1774840041.0015507,map,base_footprint,8.977530188695516,0.11426241707100504,0.0,0.0,0.0,0.9945941128306669,-0.10383906164145885,-2.933539491046131
122,1774840043.23782,map,base_footprint,8.913854937409287,0.07922576108890156,0.0,0.0,0.0,0.9959889838241576,-0.08947594146429634,-2.9624011264980705
123,1774840045.4314234,map,base_footprint,8.880410499229624,0.08450848162972113,0.0,0.0,0.0,0.9981559596745437,-0.06070156642287528,-3.020114841565704
124,1774840047.3029213,map,base_footprint,8.818023701559401,0.07619635424915705,0.0,0.0,0.0,0.9999342083582355,-0.011470787025696453,-3.1186505764038857
125,1774840049.6823566,map,base_footprint,8.77325756274954,0.08258500826511295,0.0,0.0,0.0,0.9998158499542935,-0.019190262639519496,-3.1032097722120415
126,1774840052.0350962,map,base_footprint,8.675338716915876,0.08226891894431171,0.0,0.0,0.0,0.9999851926744409,-0.005441914356308745,-3.130708771156726
127,1774840054.2950954,map,base_footprint,8.620398119825182,0.07464467980287387,0.0,0.0,0.0,0.9999982940639455,-0.0018471245758988298,-3.1378984023372767
128,1774840056.4222198,map,base_footprint,8.536971032795847,0.06167664511066295,0.0,0.0,0.0,0.9990901827552361,-0.042647470289678004,-3.0562718359902386
129,1774840058.894658,map,base_footprint,8.498946583792437,0.06060253369451818,0.0,0.0,0.0,0.9973405760483012,-0.07288192757908356,-2.9956994448561978
130,1774840061.1465042,map,base_footprint,8.415587519127453,0.052404002932458504,0.0,0.0,0.0,0.9981540249667531,-0.06073337173803686,-3.020051113356351
131,1774840063.8894925,map,base_footprint,8.355076141595822,0.03204444425414632,0.0,0.0,0.0,0.999989612355329,0.004557979973508513,3.132476662078194
132,1774840066.849867,map,base_footprint,8.38792374157555,0.04763833757265662,0.0,0.0,0.0,0.9997141814693368,-0.023907224203032536,-3.0937736492443926
133,1774840069.5040207,map,base_footprint,8.306168987047322,0.025403900163516457,0.0,0.0,0.0,0.9999949165146257,0.003188564709535566,3.1352155133646855
134,1774840071.9650693,map,base_footprint,8.244957305836456,0.012932414689053151,0.0,0.0,0.0,0.9980744276165486,0.06202771104835954,3.0174575442139773
135,1774840074.4378726,map,base_footprint,8.176882005402383,0.054149642178211776,0.0,0.0,0.0,0.9946040967123135,0.10374338920183275,2.933731874970656
136,1774840076.7317832,map,base_footprint,8.117064694188011,0.07609214066760239,0.0,0.0,0.0,0.9807537103465906,0.19524896834912017,2.7485700578882497
137,1774840079.1298225,map,base_footprint,8.076525783869585,0.11156072475678647,0.0,0.0,0.0,0.9752017949050198,0.22131755288279253,2.6952620125774174
138,1774840081.5104885,map,base_footprint,7.9940740952435,0.09784953164636667,0.0,0.0,0.0,0.9570226768571102,0.2900130962236903,2.55311160946859
139,1774840083.669064,map,base_footprint,7.9652383020357895,0.16190030478188594,0.0,0.0,0.0,0.9513596795663127,0.30808239173228125,2.515239208260639
140,1774840085.88155,map,base_footprint,7.915974146337487,0.1965882543156522,0.0,0.0,0.0,0.9448497776965618,0.32750404209224343,2.4742712209316675
141,1774840088.1966174,map,base_footprint,7.851800640871655,0.2560104437730775,0.0,0.0,0.0,0.9222803192062028,0.38652168477965715,2.347878315662144
142,1774840090.6488278,map,base_footprint,7.8041591683357145,0.3024938919842802,0.0,0.0,0.0,0.9142513458265925,0.4051474751917682,2.307312389769625
143,1774840092.7547612,map,base_footprint,7.7735453130655054,0.35593958361252254,0.0,0.0,0.0,0.9014717670423091,0.43283790641025977,2.2463156780241085
144,1774840095.1411498,map,base_footprint,7.7222419085956275,0.395292123517289,0.0,0.0,0.0,0.8824834562754456,0.4703434377134901,2.1622328345601844
145,1774840097.6050239,map,base_footprint,7.6721103393347025,0.46778219027373535,0.0,0.0,0.0,0.860955406933523,0.5086804372805503,2.0742898085163697
146,1774840100.1374846,map,base_footprint,7.64256685088004,0.5328415751782362,0.0,0.0,0.0,0.8416790657124952,0.5399781017238954,2.000770469965253
147,1774840102.4546688,map,base_footprint,7.599267461393266,0.5876676264807225,0.0,0.0,0.0,0.8157992617797575,0.5783351662138511,1.9082197107619523
148,1774840105.3478746,map,base_footprint,7.579986484958853,0.6457432764556753,0.0,0.0,0.0,0.7911929363714464,0.6115666255085611,1.8255143346165825
149,1774840110.8135731,map,base_footprint,7.561121853527394,0.7261334545177371,0.0,0.0,0.0,0.7756915793187154,0.6311121721009958,1.7756203374500044
150,1774840114.43175,map,base_footprint,7.555598119827829,0.802359433355575,0.0,0.0,0.0,0.7435551108371974,0.668674657174835,1.6767428235282233
151,1774840119.4737093,map,base_footprint,7.559788580416148,0.8769551033750711,0.0,0.0,0.0,0.7307266913243242,0.6826701272109436,1.6387716578490827
152,1774840123.5589483,map,base_footprint,7.553253520095736,0.9446074947099232,0.0,0.0,0.0,0.7162432688629395,0.697850685898159,1.5968081003932124
153,1774840133.802755,map,base_footprint,7.551544823587084,1.0231303311945847,0.0,0.0,0.0,0.6902201733494133,0.7235994142490069,1.5235865675981413
154,1774840136.0997083,map,base_footprint,7.556775014855681,1.050003434019714,0.0,0.0,0.0,0.7024959974348721,0.7116876938573437,1.5577972135302787
155,1774840138.4813836,map,base_footprint,7.545661737451171,1.1174987763508968,0.0,0.0,0.0,0.7031562408470231,0.7110353725082059,1.5596534942931701
156,1774840140.826528,map,base_footprint,7.555937514043983,1.1859625303929129,0.0,0.0,0.0,0.7019455882031377,0.7122305744645838,1.5562510315152969
157,1774840143.2030299,map,base_footprint,7.5433936602324385,1.2597615680813337,0.0,0.0,0.0,0.701309817468216,0.7128566054422851,1.5544665212012425
158,1774840145.313665,map,base_footprint,7.553314473882558,1.3378172997074682,0.0,0.0,0.0,0.7123326392231583,0.7018420129184131,1.5856324488585853
159,1774840147.700703,map,base_footprint,7.543774509685027,1.4135911473587703,0.0,0.0,0.0,0.7115763422075072,0.7026087881677717,1.58347844832838
160,1774840150.5086696,map,base_footprint,7.551390967619508,1.4269252623835833,0.0,0.0,0.0,0.7113655281625944,0.7028222288331191,1.5828784500622777
161,1774840152.7147095,map,base_footprint,7.543956333450254,1.4678030050224153,0.0,0.0,0.0,0.7081148572135194,0.7060972659580811,1.5736496326795701
162,1774840154.9364877,map,base_footprint,7.550585125949964,1.4947351067372059,0.0,0.0,0.0,0.6945666128194822,0.7194283983527976,1.535634641205876
163,1774840157.350051,map,base_footprint,7.554592692476625,1.5613618980240875,0.0,0.0,0.0,0.6860693859722531,0.7275361143143725,1.512145110958675
164,1774840160.4004214,map,base_footprint,7.543876629336729,1.6356938905334992,0.0,0.0,0.0,0.6915881334975672,0.7222920833051898,1.5273709725616138
165,1774840163.7037396,map,base_footprint,7.551090122509391,1.7159034839591403,0.0,0.0,0.0,0.7181683571054686,0.6958693920933958,1.6023331324241148
166,1774840166.6141737,map,base_footprint,7.546415642426137,1.772389205529659,0.0,0.0,0.0,0.7202251098805568,0.6937404349593153,1.6082535029717484
167,1774840169.383493,map,base_footprint,7.5421036346654375,1.8283525417732645,0.0,0.0,0.0,0.6971679601748404,0.7169078290168494,1.5428790299822235
168,1774840171.979716,map,base_footprint,7.538249422428214,1.9049002609539878,0.0,0.0,0.0,0.6620016074025782,0.7495024161378019,1.4469724068010925
169,1774840174.309575,map,base_footprint,7.558272092515806,1.9733011075511298,0.0,0.0,0.0,0.6591817031089127,0.7519836981520498,1.4394601136099399
170,1774840176.5146875,map,base_footprint,7.555833640619745,2.044024152402046,0.0,0.0,0.0,0.653639670895873,0.7568059068421275,1.424767522223364
171,1774840179.4331055,map,base_footprint,7.574918745870108,2.1216560003524556,0.0,0.0,0.0,0.6864508683075328,0.7271761859410925,1.513194067034644
172,1774840182.890759,map,base_footprint,7.57617155997337,2.2205313055182123,0.0,0.0,0.0,0.6560494996497657,0.7547178638466776,1.4311447337733358
173,1774840185.4795709,map,base_footprint,7.587565106644898,2.295329694306549,0.0,0.0,0.0,0.6176680339383095,0.7864389358690116,1.3315480318193713
174,1774840188.0230708,map,base_footprint,7.603569152104841,2.3609471604061363,0.0,0.0,0.0,0.6251390325129468,0.7805134143810579,1.3506192995906405
175,1774840195.0899837,map,base_footprint,7.616864679565073,2.4111223081581183,0.0,0.0,0.0,0.6103954439887468,0.7920968387500235,1.3131194637475843
176,1774840197.8760085,map,base_footprint,7.616632732088444,2.4526200623648102,0.0,0.0,0.0,0.6080815531244605,0.7938745648713932,1.3072835723381468
177,1774840201.3561022,map,base_footprint,7.6291439553659846,2.4931617330390248,0.0,0.0,0.0,0.6157065566599427,0.7879755301314609,1.3265646521416496
178,1774840204.6464422,map,base_footprint,7.654027536079545,2.567689303371727,0.0,0.0,0.0,0.6427697248199884,0.7660594499481332,1.3962167079825016
179,1774840207.2145352,map,base_footprint,7.664269232155982,2.6413308091647187,0.0,0.0,0.0,0.6388175904981211,0.7693582300009371,1.3859208109236323
180,1774840209.7008958,map,base_footprint,7.688842141987026,2.7218254213950592,0.0,0.0,0.0,0.651725362378775,0.7584550428550492,1.4197141154183337
181,1774840212.8151991,map,base_footprint,7.698890990111294,2.801321215366124,0.0,0.0,0.0,0.6533897816014983,0.7570216597289317,1.4241072375314396
182,1774840215.7830064,map,base_footprint,7.713060386023704,2.8747850396632604,0.0,0.0,0.0,0.667321413651824,0.7447698509484197,1.461212873926744
183,1774840218.298011,map,base_footprint,7.706437651133642,2.947488199852333,0.0,0.0,0.0,0.6772865462504247,0.7357193311774344,1.4881363590276937
184,1774840220.691053,map,base_footprint,7.712808710803484,3.0314694248724954,0.0,0.0,0.0,0.6852803189718641,0.7282793999762867,1.5099770699799278
185,1774840223.4697938,map,base_footprint,7.719601690332887,3.082588460067977,0.0,0.0,0.0,0.7030863171919444,0.7111045145247418,1.5594568226277175
186,1774840225.5958261,map,base_footprint,7.7142859465681894,3.1815166123323846,0.0,0.0,0.0,0.7225914166077634,0.6912753754075042,1.6150875171601504
187,1774840228.5049129,map,base_footprint,7.703516893181703,3.2668789413509574,0.0,0.0,0.0,0.7465290745742869,0.6653527942492304,1.6856600577492384
188,1774840231.6471472,map,base_footprint,7.68885049067204,3.364453826061649,0.0,0.0,0.0,0.7636218541933758,0.6456637389526151,1.737808328295266
189,1774840266.680751,map,base_footprint,7.6824675886410745,3.3822129670629657,0.0,0.0,0.0,0.7381479546648496,0.6746388641518506,1.6606419598547204
190,1774840270.395059,map,base_footprint,7.68525408378878,3.4031532770537907,0.0,0.0,0.0,0.6998887520110706,0.714251870706956,1.5504834603163553
191,1774840273.0694268,map,base_footprint,7.684272694727111,3.424591435285296,0.0,0.0,0.0,0.6548802883334126,0.7557326299375635,1.4280484096299533
192,1774840275.5493047,map,base_footprint,7.6891049687160296,3.476922817360763,0.0,0.0,0.0,0.6125251671241996,0.7904510861776783,1.3185024839170791
193,1774840278.3546796,map,base_footprint,7.689032400623286,3.482672764339494,0.0,0.0,0.0,0.6000690513398508,0.7999482068384749,1.2871748515243744
194,1774840281.2049212,map,base_footprint,7.709728628790674,3.52484553853557,0.0,0.0,0.0,0.563354633016762,0.8262152004523696,1.196880894961826
195,1774840283.3963223,map,base_footprint,7.716891453911724,3.5587202719851967,0.0,0.0,0.0,0.5795661274497926,0.8149252136931651,1.2363923640008294
196,1774840286.1958618,map,base_footprint,7.726958217806695,3.5773835762631414,0.0,0.0,0.0,0.6011034371481172,0.7991712318700664,1.2897622396555215
197,1774840288.754818,map,base_footprint,7.735936876824569,3.6321032961853668,0.0,0.0,0.0,0.6363318690165878,0.7714154214648915,1.379467638979454
198,1774840291.262906,map,base_footprint,7.739432332013638,3.6709448856944804,0.0,0.0,0.0,0.6650385095492786,0.7468090658370947,1.4550907645451319
199,1774840293.7361586,map,base_footprint,7.742038861796129,3.72407185336042,0.0,0.0,0.0,0.7039195419019586,0.7102797185113319,1.5618016484537134
200,1774840296.267886,map,base_footprint,7.737115101232559,3.7681813617827546,0.0,0.0,0.0,0.7508849608023949,0.6604330213131274,1.6988020615442347
201,1774840298.828351,map,base_footprint,7.7273825096451185,3.8048627835405955,0.0,0.0,0.0,0.7878093166306671,0.6159192159933975,1.814488183255068
202,1774840301.3793037,map,base_footprint,7.71650490810835,3.853714428121075,0.0,0.0,0.0,0.8517858152815687,0.5238901839938533,2.0387693300739573
203,1774840303.8901267,map,base_footprint,7.700517876863191,3.8868869057819615,0.0,0.0,0.0,0.8926792952550924,0.45069244038797857,2.206510903514006
204,1774840306.0924547,map,base_footprint,7.682742279829604,3.9141283604395194,0.0,0.0,0.0,0.9138524285432136,0.4060464737510607,2.3053453275066897
205,1774840308.4121928,map,base_footprint,7.662107818836417,3.9324301911075943,0.0,0.0,0.0,0.9326838455136859,0.3606949463435869,2.403566873478694
206,1774840310.6884751,map,base_footprint,7.637725466526076,3.9506397233242923,0.0,0.0,0.0,0.9492075916174957,0.31465051726592386,2.50141575778766
207,1774840312.9844165,map,base_footprint,7.618201563982377,3.974869043474262,0.0,0.0,0.0,0.9639815660806629,0.26596905883330246,2.603174553404494
208,1774840316.4199686,map,base_footprint,7.6107354120344315,3.975658353905409,0.0,0.0,0.0,0.9661317235400476,0.25804939986277237,2.619587298848147
209,1774840322.4318225,map,base_footprint,7.594100289152223,3.990800480582916,0.0,0.0,0.0,0.9776404946569056,0.21028329274338678,2.7178632083257606
210,1774840330.993261,map,base_footprint,7.586410066918778,3.984219690753039,0.0,0.0,0.0,0.9779626548380336,0.20877989784015413,2.720938258818401
211,1774840333.8757074,map,base_footprint,7.558658154232706,4.003626084517587,0.0,0.0,0.0,0.9895504253152403,0.14418722467135248,2.8522095234220353
212,1774840336.6033337,map,base_footprint,7.529287239829486,4.015888701672958,0.0,0.0,0.0,0.9980918753375413,0.06174632284751929,3.0180214014408224
213,1774840338.854393,map,base_footprint,7.498619390572654,4.019332064838192,0.0,0.0,0.0,0.9999978501102043,-0.0020735898749169516,-3.1374454708679638
214,1774840341.5276558,map,base_footprint,7.472911040435809,4.041063633450574,0.0,0.0,0.0,0.9980269985547667,-0.06278622584423875,-3.0159375517939035
215,1774840346.1758068,map,base_footprint,7.431259439783697,4.020860994453127,0.0,0.0,0.0,0.9915618746170881,-0.12963428869649457,-2.881592358949989
216,1774840349.2947464,map,base_footprint,7.413138181424382,4.0006549810966,0.0,0.0,0.0,0.9835293027637428,-0.18074874994053464,-2.778097279644927
217,1774840351.5341265,map,base_footprint,7.371979742592164,3.9985362828526188,0.0,0.0,0.0,0.9586286817281331,-0.28465953447615555,-2.564290152550448
218,1774840354.0700364,map,base_footprint,7.357607563405121,3.9724010994260115,0.0,0.0,0.0,0.9385757303669185,-0.34507332317379363,-2.4369588421494144
219,1774840356.1302748,map,base_footprint,7.326208431558085,3.9498423160142733,0.0,0.0,0.0,0.8975078496025206,-0.44099848061173547,-2.2281709071720193
220,1774840358.7239957,map,base_footprint,7.325455921195805,3.939580597730319,0.0,0.0,0.0,0.8864292091729928,-0.4628641886395432,-2.1791453812354136
221,1774840361.050112,map,base_footprint,7.310876240585951,3.918919231737466,0.0,0.0,0.0,-0.8543702507789525,0.5196647713515996,-2.0486755844609608
222,1774840363.1416967,map,base_footprint,7.300978090649055,3.8929253026312485,0.0,0.0,0.0,-0.8000561918500175,0.5999250702233139,-1.8547777538662171
223,1774840365.241508,map,base_footprint,7.299404044586512,3.86561859009171,0.0,0.0,0.0,-0.7407455194028787,0.6717857362913859,-1.6683588762406103
224,1774840367.273573,map,base_footprint,7.291387875082762,3.8435767150772664,0.0,0.0,0.0,-0.6909462746075403,0.7229061111969945,-1.525594444331048
225,1774840369.3277862,map,base_footprint,7.299595373958739,3.8258313020018497,0.0,0.0,0.0,-0.672399976133641,0.740187997805611,-1.4748928384748718
226,1774840387.7237544,map,base_footprint,7.299319823065094,3.817315429269563,0.0,0.0,0.0,-0.6935339822035044,0.7204239137681017,-1.5327659291018847
227,1774840390.1784286,map,base_footprint,7.306291948382468,3.770629308633449,0.0,0.0,0.0,-0.6847038936761631,0.728821362190147,-1.5083946804002963
228,1774840391.9304667,map,base_footprint,7.310155609294265,3.7509797866664107,0.0,0.0,0.0,-0.6561641042627027,0.7546182268386613,-1.4314484556903402
229,1774840394.7494617,map,base_footprint,7.317854099839743,3.709520054942002,0.0,0.0,0.0,-0.6249154360576437,0.7806924476238292,-1.350046418180915
230,1774840396.9264488,map,base_footprint,7.310174308797992,3.642463355166204,0.0,0.0,0.0,-0.5669727315196098,0.8237365608695492,-1.2056522852251175
231,1774840399.2285163,map,base_footprint,7.3413981626554845,3.597334562258958,0.0,0.0,0.0,-0.5448458287323299,0.838536238282509,-1.1524104922858995
232,1774840401.380224,map,base_footprint,7.364182538540591,3.5524527385711275,0.0,0.0,0.0,-0.4979189725733184,0.867223556386432,-1.0423949487441497
233,1774840403.5391495,map,base_footprint,7.390233863149195,3.4962096998673777,0.0,0.0,0.0,-0.44243911668945973,0.8967985437226416,-0.9166333178049597
234,1774840405.753399,map,base_footprint,7.4165852655466775,3.46685760885973,0.0,0.0,0.0,-0.45284970801324453,0.8915868673058835,-0.9399179491123792
235,1774840407.7218785,map,base_footprint,7.451632981719143,3.42665727081562,0.0,0.0,0.0,-0.4680484790619139,0.8837027901097909,-0.974162275758807
236,1774840409.954843,map,base_footprint,7.482956297594507,3.382628678541335,0.0,0.0,0.0,-0.4697221576507591,0.8828143035836672,-0.977952056438601
237,1774840412.0928135,map,base_footprint,7.521310273962804,3.3330855469714713,0.0,0.0,0.0,-0.483104909550647,0.8755624742804258,-1.0083948913944516
238,1774840414.1779432,map,base_footprint,7.538976242081868,3.2980924789880954,0.0,0.0,0.0,-0.47313131094086386,0.880991919717417,-0.9856834024327287
239,1774840416.1474261,map,base_footprint,7.566069443074611,3.2633817894578314,0.0,0.0,0.0,-0.5021093419756893,0.8648041447060371,-1.0520723025740837
240,1774840417.961113,map,base_footprint,7.589067782979018,3.2284410043321725,0.0,0.0,0.0,-0.5092229617753999,0.8606346351389128,-1.068563364624844
241,1774840420.0414796,map,base_footprint,7.619638519665076,3.1922630019080485,0.0,0.0,0.0,-0.5359228700765252,0.8442669467229781,-1.1312009411958603
242,1774840422.0409067,map,base_footprint,7.644652694147873,3.148920446471363,0.0,0.0,0.0,-0.5370072311829945,0.843577639377179,-1.1337707535262391
243,1774840424.3857117,map,base_footprint,7.663312425635931,3.100862352974725,0.0,0.0,0.0,-0.5569175164531275,0.8305678057014252,-1.181339730791928
244,1774840426.5116005,map,base_footprint,7.6902297652670635,3.0463813457052553,0.0,0.0,0.0,-0.6050642580255696,0.7961766409911603,-1.2996931464044523
245,1774840430.4812403,map,base_footprint,7.692980660260265,3.00424212893211,0.0,0.0,0.0,-0.6299732139195915,0.7766168616144132,-1.3630374407065633
246,1774840435.9682813,map,base_footprint,7.703950463686274,2.9772875776848093,0.0,0.0,0.0,-0.6707621410797574,0.7416725356207412,-1.4704718167929574
247,1774840438.2282035,map,base_footprint,7.697810404887894,2.9486216965488237,0.0,0.0,0.0,-0.7051566231332655,0.7090515755932637,-1.5652880252374421
248,1774840440.482781,map,base_footprint,7.700620969267939,2.926722953423722,0.0,0.0,0.0,-0.7367360466529673,0.6761804474858445,-1.6564610676049503
249,1774840442.3681436,map,base_footprint,7.699298469535559,2.8883105666452615,0.0,0.0,0.0,-0.7608952776641623,0.6488747000988537,-1.729383479978225
250,1774840445.1201267,map,base_footprint,7.6947917102850765,2.8739585978350357,0.0,0.0,0.0,-0.7571171858517883,0.6532790880533897,-1.7177778424715175
251,1774840446.8827243,map,base_footprint,7.691748809846273,2.821187233461976,0.0,0.0,0.0,-0.7756513074662246,0.631161666473762,-1.775492720600961
252,1774840449.7025955,map,base_footprint,7.688606905520279,2.8028303229440543,0.0,0.0,0.0,-0.7647020139274929,0.644384070174951,-1.741157535895327
253,1774840451.8922415,map,base_footprint,7.6841553733583545,2.758198552267059,0.0,0.0,0.0,-0.7761916609280327,0.6304970305289167,-1.7772058730725533
254,1774840454.1912227,map,base_footprint,7.67087700782032,2.7140322931492236,0.0,0.0,0.0,-0.7635179117698228,0.6457866508427138,-1.7374863881753826
255,1774840457.0631723,map,base_footprint,7.664456882237668,2.6748905808899184,0.0,0.0,0.0,-0.7551949950953436,0.6555002054789488,-1.7119030876252006
256,1774840459.109797,map,base_footprint,7.666342018761452,2.6165874493087493,0.0,0.0,0.0,-0.754627734825025,0.6561531694908221,-1.7101731786545002
257,1774840461.4208126,map,base_footprint,7.6553131767764455,2.572678417168013,0.0,0.0,0.0,-0.757177319293594,0.6532093899718273,-1.7179619495425698
258,1774840463.7170644,map,base_footprint,7.64961696896586,2.5048559330454676,0.0,0.0,0.0,-0.7678855475620056,0.640587063438998,-1.7510675705651157
259,1774840465.491945,map,base_footprint,7.636117781181393,2.43684668305005,0.0,0.0,0.0,-0.7779077442557893,0.6283785017223853,-1.7826586194984089
260,1774840467.5384748,map,base_footprint,7.617085204474875,2.3785391131991194,0.0,0.0,0.0,-0.7842312846260597,0.6204686069526482,-1.8029124561257186
261,1774840469.3828247,map,base_footprint,7.611602213604904,2.3293808616548155,0.0,0.0,0.0,-0.7762107884381384,0.6304734823228046,-1.7772665485916375
262,1774840471.3848608,map,base_footprint,7.613790118195969,2.273389414106023,0.0,0.0,0.0,-0.7644923679629864,0.644632778662663,-1.7405069750811775
263,1774840473.4178963,map,base_footprint,7.601429157462208,2.22344872478408,0.0,0.0,0.0,-0.766247949764012,0.642545001912277,-1.7459625717794092
264,1774840475.6599731,map,base_footprint,7.595708536845232,2.15854340664552,0.0,0.0,0.0,-0.7570158521788244,0.6533965102064506,-1.7174676394711836
265,1774840477.7782063,map,base_footprint,7.583712055237045,2.0969255731479333,0.0,0.0,0.0,-0.7446441940144755,0.6674616276015665,-1.6800032182903337
266,1774840480.3366082,map,base_footprint,7.583164273622443,2.0478041991772895,0.0,0.0,0.0,-0.7386423158516353,0.6740975665534872,-1.6621081059552991
267,1774840482.5347064,map,base_footprint,7.574521337671862,1.97364385147154,0.0,0.0,0.0,-0.7234370590822878,0.6903903399862793,-1.6175356994071595
268,1774840485.6972122,map,base_footprint,7.575359986972736,1.9207318106610278,0.0,0.0,0.0,-0.7314029313433861,0.68194556382625,-1.6407538715027818
269,1774840489.0116503,map,base_footprint,7.57483579836067,1.864629001215688,0.0,0.0,0.0,-0.7352967674908674,0.6777452793767592,-1.6522089034237448
270,1774840493.1498384,map,base_footprint,7.576168224317883,1.8219020847268346,0.0,0.0,0.0,-0.7395895093184133,0.6730582127172572,-1.6649205299533805
271,1774840494.734606,map,base_footprint,7.573563508460897,1.7714046782976427,0.0,0.0,0.0,-0.7224564018169457,0.6914164790296163,-1.6146969318248705
272,1774840496.9716098,map,base_footprint,7.564304348664105,1.6995312412668107,0.0,0.0,0.0,-0.7426460140557252,0.6696841776592484,-1.6740257745037241
273,1774840499.3009062,map,base_footprint,7.556382081458224,1.6248280874273144,0.0,0.0,0.0,-0.7615977199947096,0.6480500851777277,-1.7315499657138167
274,1774840501.4039404,map,base_footprint,7.5522929468025515,1.5832674290359716,0.0,0.0,0.0,-0.758035974961154,0.6522127418754502,-1.7205929928588424
275,1774840504.3829408,map,base_footprint,7.542531956284921,1.5261107117255004,0.0,0.0,0.0,-0.7574611354352895,0.65288025571699,-1.7188311582930258
276,1774840506.7042472,map,base_footprint,7.519389896847859,1.4545972061774128,0.0,0.0,0.0,-0.808127070042542,0.5890081821710601,-1.881930680094717
277,1774840510.234626,map,base_footprint,7.514722378847496,1.403285770735047,0.0,0.0,0.0,-0.8155723570260084,0.5786551049243764,-1.9074352452171666
278,1774840512.7121117,map,base_footprint,7.490972677251775,1.3422901023466425,0.0,0.0,0.0,-0.8361241197959403,0.5485402959632628,-1.9803577779723704
279,1774840515.2695053,map,base_footprint,7.462688868947347,1.2797274850862017,0.0,0.0,0.0,-0.8408570773323525,0.5412572175039279,-1.9977295473939354
280,1774840518.06803,map,base_footprint,7.4436382695122845,1.2543514566265477,0.0,0.0,0.0,-0.8489441506707369,0.5284825721269727,-2.0279683750403557
281,1774840520.3544705,map,base_footprint,7.412490586026808,1.208947910272959,0.0,0.0,0.0,0.8751553805729173,-0.48384197818530816,-2.1315137247839
282,1774840522.6456547,map,base_footprint,7.382037278524543,1.1503635469507034,0.0,0.0,0.0,0.8904672261242212,-0.4550473812677479,-2.196741807886899
283,1774840524.9355874,map,base_footprint,7.353672675762061,1.1008660354302227,0.0,0.0,0.0,0.9015986547273803,-0.43257353801842524,-2.246902162915099
284,1774840527.1853507,map,base_footprint,7.299587536901917,1.0399003305100507,0.0,0.0,0.0,0.9209080705947478,-0.3897798423641981,-2.340807624008452
285,1774840529.3895435,map,base_footprint,7.264366707581859,0.9876878375899592,0.0,0.0,0.0,0.9381730496491726,-0.3461666201585171,-2.4346286488434368
286,1774840531.7003617,map,base_footprint,7.213997430520347,0.9446547622811698,0.0,0.0,0.0,0.9521580773213432,-0.30560594855421774,-2.520443135089127
287,1774840533.8561285,map,base_footprint,7.149576530184994,0.9065660885816359,0.0,0.0,0.0,0.9628700316624526,-0.26996537208750954,-2.594878517469352
288,1774840536.200786,map,base_footprint,7.116903660895127,0.8705311597885366,0.0,0.0,0.0,0.9652691354873667,-0.2612575282656398,-2.612943156722142
289,1774840550.284668,map,base_footprint,7.008379883580521,0.8292009791170475,0.0,0.0,0.0,0.9807419263911713,-0.1953081509270268,-2.7484493692121594
290,1774840552.4378555,map,base_footprint,6.939482156153506,0.8106007230944734,0.0,0.0,0.0,0.987064455535222,-0.1603239240380415,-2.8195550269979757
291,1774840554.8424456,map,base_footprint,6.850925449769321,0.7762481834831799,0.0,0.0,0.0,0.992145301107948,-0.12509077299872812,-2.890754009032793
292,1774840557.1711335,map,base_footprint,6.789635115400803,0.7623162905394034,0.0,0.0,0.0,0.998234366966385,-0.05939822057284797,-3.022726246054028
293,1774840559.4977674,map,base_footprint,6.730820656877839,0.7387479113231024,0.0,0.0,0.0,0.9998804818440772,-0.015460337229698952,-3.1106707472108366
294,1774840561.9647064,map,base_footprint,6.651656035641728,0.7415957371798998,0.0,0.0,0.0,0.9996475061167537,0.026549265800674907,3.0884878821394315
295,1774840564.264593,map,base_footprint,6.585404378633344,0.7515071052558555,0.0,0.0,0.0,0.9991466255326676,0.04130400327671995,3.058961140491007
296,1774840566.697453,map,base_footprint,6.512885943020935,0.7512075434656977,0.0,0.0,0.0,0.999282877534026,0.03786463610437607,3.0658452737993156
297,1774840570.447733,map,base_footprint,6.475817238137663,0.7455903535458517,0.0,0.0,0.0,0.9993668245594162,0.03558019069691992,3.0704172493891084
298,1774840579.4727097,map,base_footprint,6.426642122488145,0.7509833232695253,0.0,0.0,0.0,0.9985554054906493,0.053731761234907374,3.034077354128535
299,1774840581.9456828,map,base_footprint,6.405482940609904,0.7584072459821322,0.0,0.0,0.0,0.9957966926199362,0.09159119481258197,2.95815317436528
300,1774840584.4184713,map,base_footprint,6.388842274849963,0.7701164892431551,0.0,0.0,0.0,0.9938052284512188,0.11113580837435266,2.918860922555293
301,1774840586.8202078,map,base_footprint,6.340050441124594,0.7584622400115814,0.0,0.0,0.0,0.9934378263637256,0.11437344599913138,2.912344085568785
302,1774840588.9322205,map,base_footprint,6.3064553181943275,0.7783560202352287,0.0,0.0,0.0,0.990893335401389,0.134649165824042,2.8714738626420364
303,1774840591.1854677,map,base_footprint,6.253991119540011,0.7651200382107606,0.0,0.0,0.0,0.9925844551779898,0.12155697980376678,2.8978759649556305
304,1774840594.247805,map,base_footprint,6.211737537102089,0.811174911853477,0.0,0.0,0.0,0.992790500522957,0.11986251320315436,2.901289861528306
305,1774840596.7822566,map,base_footprint,6.162377590641428,0.8123867378651167,0.0,0.0,0.0,0.9914480522919396,0.1305019525007938,2.879842163477633
306,1774840599.3716714,map,base_footprint,6.132329782713562,0.817858889319329,0.0,0.0,0.0,0.9864388157829206,0.16412940844586363,2.8118418810478314
307,1774840609.6014717,map,base_footprint,6.0776976446754425,0.8458051565472686,0.0,0.0,0.0,0.9928275152492688,0.11955553087985053,2.9019082731632113
308,1774840611.9461212,map,base_footprint,6.039552110142493,0.8582193490005403,0.0,0.0,0.0,0.9907355145118963,0.13580552376412441,2.869139706457583
309,1774840614.3696113,map,base_footprint,6.001290615413677,0.8219269413102162,0.0,0.0,0.0,0.9842451995348251,0.17680890020768802,2.786106011262573
310,1774840619.8774724,map,base_footprint,5.9647677435719135,0.8654727501449253,0.0,0.0,0.0,0.9797597527299209,0.20017698901373304,2.738515528034847
311,1774840622.8842502,map,base_footprint,5.939040128954681,0.8831093617809589,0.0,0.0,0.0,0.9802086432400605,0.19796720869244944,2.7430253546004186
312,1774840625.4125917,map,base_footprint,5.889180239286849,0.8786434238817269,0.0,0.0,0.0,0.9763910421106554,0.21601049253697918,2.706139378313891
313,1774840628.137232,map,base_footprint,5.822387265498177,0.894534887677531,0.0,0.0,0.0,0.9723037806091995,0.23372068417890937,2.6697874490886577
314,1774840630.7851746,map,base_footprint,5.784981993460881,0.9397373243373988,0.0,0.0,0.0,0.974074850906659,0.22622595967565262,2.6851897707962946
315,1774840633.4469807,map,base_footprint,5.742831623697091,0.9608677599681376,0.0,0.0,0.0,0.9726622373218486,0.2322244002857061,2.6728646927715234
316,1774840635.916411,map,base_footprint,5.693628109818347,0.9816165316390805,0.0,0.0,0.0,0.9714311835326959,0.2373214184608413,2.662377529054293
317,1774840646.3236556,map,base_footprint,5.56380862804363,1.0443532022514215,0.0,0.0,0.0,0.9899436214850369,0.14146245537629426,2.8577155113355612
318,1774840647.8774323,map,base_footprint,5.520627964592003,1.0549372936572368,0.0,0.0,0.0,0.9972785431751557,0.07372589316135178,2.9940069602634876
319,1774840651.914525,map,base_footprint,5.443660852886121,1.0638750315370455,0.0,0.0,0.0,0.9984054341099684,0.05644988166228087,3.02863284326006
320,1774840654.5487697,map,base_footprint,5.407436608499904,1.0700469880698669,0.0,0.0,0.0,0.9953878913850256,0.09593198467702249,2.9494331731701804
321,1774840656.7892315,map,base_footprint,5.357677764362347,1.0767406722845134,0.0,0.0,0.0,0.9891684430381562,0.1467848469613598,2.8469584069763103
322,1774840660.3115928,map,base_footprint,5.330009100899788,1.0837017715487411,0.0,0.0,0.0,0.9828127672913175,0.18460515824099463,2.7702524526133647
323,1774840662.5300643,map,base_footprint,5.299295150802935,1.0685133912133624,0.0,0.0,0.0,0.9755141027186796,0.21993688957737315,2.6980931025922312
324,1774840665.0954041,map,base_footprint,5.285361331784701,1.1115153911588826,0.0,0.0,0.0,0.9689924586506933,0.2470902974179369,2.642240078212179
325,1774840667.743501,map,base_footprint,5.229640838586024,1.1338033245074022,0.0,0.0,0.0,0.9427583297676967,0.3334767333017745,2.4616146292305143
326,1774840670.4211524,map,base_footprint,5.196209096538814,1.1694581491582923,0.0,0.0,0.0,0.9230624261869338,0.38465017530464146,2.3519350337716327
327,1774840674.676121,map,base_footprint,5.1684358803691985,1.1920043865238363,0.0,0.0,0.0,0.9111940018006555,0.4119775371091331,2.2923461130654914
328,1774840677.430313,map,base_footprint,5.140112377980324,1.232911731043722,0.0,0.0,0.0,0.8927470861272633,0.4505581429863195,2.2068117782021055
329,1774840679.9082825,map,base_footprint,5.098296258606298,1.2617953761078446,0.0,0.0,0.0,0.8694420234906797,0.49403498640119853,2.108143537000211
330,1774840682.7061758,map,base_footprint,5.088333596998243,1.3137247855691596,0.0,0.0,0.0,0.8592921323162825,0.5114851232825218,2.067768227283786
331,1774840685.828938,map,base_footprint,5.064771881264554,1.3454227555255414,0.0,0.0,0.0,0.8373733761251125,0.5466313464820972,1.984920554212799
332,1774840689.7294993,map,base_footprint,5.043889080158789,1.3566276589755044,0.0,0.0,0.0,0.7868814824901802,0.6171041504592694,1.8114782355424577
333,1774840694.1925943,map,base_footprint,5.060877220863914,1.404666930479817,0.0,0.0,0.0,0.7906529698885741,0.6122645516493483,1.8237494949625104
334,1774840696.3809357,map,base_footprint,5.040412893249103,1.4056926763598705,0.0,0.0,0.0,0.7903004944548819,0.612719453309889,1.8225985397744013
335,1774840699.952112,map,base_footprint,5.043465739440062,1.4276581159645454,0.0,0.0,0.0,0.7986505734710821,0.6017950327929864,1.8500990679246785
336,1774840704.8674898,map,base_footprint,5.030765714738456,1.4426370683794971,0.0,0.0,0.0,0.8117847204620762,0.5839568199998258,1.8944038180228255
337,1774840707.0925217,map,base_footprint,5.021060989318684,1.477463760649548,0.0,0.0,0.0,0.8517150387366016,0.5240052411855339,2.038499163631166
338,1774840709.5831828,map,base_footprint,5.012349726548505,1.5011572518282377,0.0,0.0,0.0,0.9070669545703332,0.4209863892413877,2.2725276631701026
339,1774840720.4703968,map,base_footprint,5.001481877599384,1.4937020709235829,0.0,0.0,0.0,0.8733173079366564,0.4871518035050996,2.1239418104197787
340,1774840754.3074715,map,base_footprint,5.008064145418413,1.4999329944202497,0.0,0.0,0.0,0.8759791590112136,0.4823489535367597,2.1349241407240176
341,1774840757.5551655,map,base_footprint,5.00737160602484,1.4986372524849045,0.0,0.0,0.0,0.8901062296396104,0.4557531129424758,2.195156404857357
342,1774840761.026951,map,base_footprint,4.989060805159772,1.5309657219866861,0.0,0.0,0.0,0.9176954739903831,0.3972845542146917,2.3244807324494148
343,1774840763.331087,map,base_footprint,4.957672247091074,1.5546535044346466,0.0,0.0,0.0,0.9407061278016821,0.3392226129201374,2.449411878559622
344,1774840766.0122397,map,base_footprint,4.915887686689064,1.5848882189823001,0.0,0.0,0.0,0.9665150963648486,0.25660975916524975,2.6225669233018585
345,1774840768.903523,map,base_footprint,4.872541780787822,1.600885876713674,0.0,0.0,0.0,0.9867012570872157,0.1625442378631381,2.8150553786874415
346,1774840772.8972077,map,base_footprint,4.815785965963821,1.6247923147440788,0.0,0.0,0.0,0.999033394849174,0.043957661176801464,3.0536489938116396
347,1774840777.1809537,map,base_footprint,4.833829812599874,1.624919418475692,0.0,0.0,0.0,0.9940441170563982,0.10897840770338788,2.923202096253995
348,1774840784.2928522,map,base_footprint,4.8363591303120534,1.6119745940799568,0.0,0.0,0.0,0.9928596777896479,0.11928813947512353,2.90244691067681
349,1774840788.0694504,map,base_footprint,4.787596446274035,1.6300528714251181,0.0,0.0,0.0,0.9952747051399465,0.09709923433576881,2.9470877239172353
350,1774840789.628725,map,base_footprint,4.734105405790846,1.6219767603623405,0.0,0.0,0.0,0.9981804666413826,0.06029723057978381,3.020924997273395
351,1774840792.655524,map,base_footprint,4.659613969576437,1.633026012337799,0.0,0.0,0.0,0.9998044743575283,0.01977405003196474,3.102041975768364
352,1774840796.1481867,map,base_footprint,4.5963646259161655,1.634361201695392,0.0,0.0,0.0,0.9999794436665661,-0.006411883054526001,-3.128768799610148
353,1774840798.4630494,map,base_footprint,4.557891945385277,1.633198856316266,0.0,0.0,0.0,0.9998763677521398,-0.01572416009800123,-3.110143037320857
354,1774840801.5726802,map,base_footprint,4.50869375480739,1.630498579547676,0.0,0.0,0.0,0.9999191752069828,-0.012713892141558823,-3.116164184219393
355,1774840804.0035572,map,base_footprint,4.462674124406765,1.6280993359394642,0.0,0.0,0.0,0.9978324559997389,-0.06580569696864455,-3.0098860859676995
356,1774840806.6461434,map,base_footprint,4.3896647370646695,1.6151991836222794,0.0,0.0,0.0,0.9971666811410536,-0.07522373310422975,-2.9910029376049203
357,1774840809.290303,map,base_footprint,4.350943244284933,1.610906494676968,0.0,0.0,0.0,0.9983420958790427,-0.05755918341881134,-3.0264106261279595
358,1774840811.827992,map,base_footprint,4.297159147930703,1.6101768893026198,0.0,0.0,0.0,0.9994044039455003,-0.03450851162161583,-3.072561924992452
359,1774840814.474002,map,base_footprint,4.255928993193731,1.6085538768569583,0.0,0.0,0.0,0.9996597074727357,0.026085805633035662,3.089415123648265
360,1774840817.443761,map,base_footprint,4.198261900379028,1.6038921029342148,0.0,0.0,0.0,0.9918018896652995,0.12778502125187158,2.8853219156597345
361,1774840819.8335853,map,base_footprint,4.16487958418616,1.6102577122241082,0.0,0.0,0.0,0.9977231283484785,0.0674430067429185,3.006604174063642
362,1774840822.270182,map,base_footprint,4.109902923371703,1.6088037622315405,0.0,0.0,0.0,0.9993574635770055,0.03584215385456219,3.069892988674017
363,1774840825.691877,map,base_footprint,4.053902716746974,1.6175026904763437,0.0,0.0,0.0,0.9999998894760028,0.00047015740155359015,3.1406523387520435
364,1774840828.3119957,map,base_footprint,4.006405160415992,1.6153850470468067,0.0,0.0,0.0,0.9992588170199728,-0.03849437111896507,-3.0645848847957464
365,1774840830.6565192,map,base_footprint,3.9724246318140546,1.60304491911444,0.0,0.0,0.0,0.9994170054034833,-0.034141606733335224,-3.073296167446417
366,1774840836.666748,map,base_footprint,3.916864122841518,1.5953078428160656,0.0,0.0,0.0,0.9995193121168017,-0.031002333872721246,-3.079578048969548
367,1774840839.7060792,map,base_footprint,3.868284503546171,1.597366686500704,0.0,0.0,0.0,0.9996911540608732,-0.024851488736884947,-3.0918845586295602
368,1774840841.9619265,map,base_footprint,3.804893527861996,1.589034115135323,0.0,0.0,0.0,0.9999805054785749,-0.006244090231080833,-3.1291043919766315
369,1774840845.4159458,map,base_footprint,3.750645461493724,1.596034685426098,0.0,0.0,0.0,0.9994984925737931,-0.031666438743808756,-3.0782491866750803
370,1774840847.7476308,map,base_footprint,3.7053210989338754,1.5802522469115121,0.0,0.0,0.0,0.9981451989057417,-0.0608782547500944,-3.0197608101591737
371,1774840850.2908623,map,base_footprint,3.645952265424055,1.5702448634164858,0.0,0.0,0.0,0.9972864371614768,-0.07361903458867086,-2.99422125976966
372,1774840871.900474,map,base_footprint,3.5815636782915647,1.570163617798628,0.0,0.0,0.0,0.9901144872443789,-0.14026154907457974,-2.8601415131769654
373,1774840874.6332462,map,base_footprint,3.5488921235130735,1.5556520184535099,0.0,0.0,0.0,0.9910229508674984,-0.13369185036447045,-2.873405963188871
374,1774840877.0033777,map,base_footprint,3.496604271896653,1.542205203873755,0.0,0.0,0.0,0.9802186494742287,-0.19791765768349026,-2.7431264570674836
375,1774840879.7155488,map,base_footprint,3.4405394385916255,1.4989679972205163,0.0,0.0,0.0,0.9688320694614923,-0.2477184312540396,-2.640943502996021
376,1774840882.5680904,map,base_footprint,3.403118754404506,1.4325032279424161,0.0,0.0,0.0,0.9572874021980402,-0.28913808049602807,-2.5549399771427637
377,1774840885.1068773,map,base_footprint,3.3371151963785066,1.4190299607824604,0.0,0.0,0.0,0.928431571583512,-0.37150345474432683,-2.3803369613753658
378,1774840887.8164403,map,base_footprint,3.3088076298130082,1.3930099327664094,0.0,0.0,0.0,0.9117376198644813,-0.41077306694067783,-2.2949890426825172
379,1774840890.4877942,map,base_footprint,3.272788847621064,1.3488409942256716,0.0,0.0,0.0,0.8741383206498784,-0.48567704945921664,-2.127317584137019
380,1774840893.246903,map,base_footprint,3.2483430526944566,1.297728112896818,0.0,0.0,0.0,-0.839364016417967,0.5435697268453228,-1.992224300757402
381,1774840895.7067833,map,base_footprint,3.2340829965205398,1.2464743074662816,0.0,0.0,0.0,-0.8165977455500882,0.5772071742126166,-1.9109837242136716
382,1774840897.9311068,map,base_footprint,3.216146132496644,1.2066082607671493,0.0,0.0,0.0,-0.7808242936344303,0.6247506882511557,-1.7919682553629999
383,1774840900.1874535,map,base_footprint,3.208056769458366,1.1792999437294829,0.0,0.0,0.0,-0.7641954600496854,0.6449847276017082,-1.7395860573466932
384,1774840902.6547167,map,base_footprint,3.210641697157533,1.1672541053835743,0.0,0.0,0.0,-0.7662884492972245,0.6424967023056656,-1.7460886362738648
385,1774840904.7963915,map,base_footprint,3.2084081531855277,1.13820576670989,0.0,0.0,0.0,-0.779643319398058,0.6262238373920125,-1.7881920829107905
386,1774840907.2601826,map,base_footprint,3.1974761770652314,1.066240863763771,0.0,0.0,0.0,-0.7793738455762558,0.626559182225972,-1.7873316823037375
387,1774840909.530608,map,base_footprint,3.183652208034555,1.017307893192395,0.0,0.0,0.0,-0.7912865468426038,0.6114455010758586,-1.8258204982888464
388,1774840911.6898963,map,base_footprint,3.168377536456773,0.9676011507213456,0.0,0.0,0.0,-0.78892252424463,0.6144926775312145,-1.818107157733708
389,1774840913.9184926,map,base_footprint,3.1520697967319946,0.9184224743155247,0.0,0.0,0.0,-0.7696507298931079,0.6384651548636044,-1.756587849362783
390,1774840916.1849744,map,base_footprint,3.1345585727395315,0.8554368077949144,0.0,0.0,0.0,-0.7652691512882692,0.6437104365213696,-1.7429187027077935
391,1774840918.6959827,map,base_footprint,3.108776643325093,0.7977517350954323,0.0,0.0,0.0,-0.7417536121568814,0.6706724825518181,-1.6713625974748838
392,1774840920.8773785,map,base_footprint,3.124978185432799,0.7434666958007765,0.0,0.0,0.0,-0.760793964591799,0.6489934848984946,-1.7290712354118551
393,1774840923.2130017,map,base_footprint,3.1151445550244605,0.6810740944952778,0.0,0.0,0.0,-0.7833370888599547,0.6215971406115152,-1.800032751525947
394,1774840925.2175536,map,base_footprint,3.0992952700196468,0.6162975596590792,0.0,0.0,0.0,-0.8086015738149209,0.5883566051503399,-1.8835427675354086
395,1774840927.3694623,map,base_footprint,3.0824185042875145,0.554281938552127,0.0,0.0,0.0,-0.8134581427754002,0.5816234606275758,-1.9001466096309831
396,1774840929.1996863,map,base_footprint,3.0619305789937923,0.49513906056532525,0.0,0.0,0.0,-0.8161517751886112,0.5778375895149768,-1.9094392980465806
397,1774840931.3307664,map,base_footprint,3.043050366643926,0.4388457111872353,0.0,0.0,0.0,-0.8049169709095695,0.5933874534751836,-1.8710710620471096
398,1774840933.9439616,map,base_footprint,3.0196113902180324,0.4010708310311402,0.0,0.0,0.0,-0.8234578324688511,0.5673774741260897,-1.9349575029543242
399,1774840936.1967595,map,base_footprint,3.0071451665159863,0.33547122054161843,0.0,0.0,0.0,-0.8200412617307734,0.5723044024459372,-1.9229662251302693
400,1774840938.0005162,map,base_footprint,2.9680371718284597,0.2931646285468785,0.0,0.0,0.0,-0.8378026381203713,0.545973204066414,-1.98649207237262
401,1774840940.0995722,map,base_footprint,2.9565034727710793,0.21820538895053027,0.0,0.0,0.0,-0.8558679273071607,0.5171944421655602,-2.0544533234909212
402,1774840942.190375,map,base_footprint,2.927870495168048,0.15765806250161704,0.0,0.0,0.0,-0.8517692136595928,0.5239171753833989,-2.038705953454864
403,1774840944.4644623,map,base_footprint,2.897291216252284,0.09943782719946437,0.0,0.0,0.0,-0.8450327333179569,0.5347145777152356,-2.0132527610746647
404,1774840946.5506647,map,base_footprint,2.8692919090627385,0.03789562564491289,0.0,0.0,0.0,-0.8322096464944619,0.554461093568848,-1.966162122718894
405,1774840949.9343538,map,base_footprint,2.8389128279743137,-0.01907039603336269,0.0,0.0,0.0,-0.8385669862869574,0.5447985035860596,-1.989295034848144
406,1774840952.0157533,map,base_footprint,2.8256510832595922,-0.05423238413774828,0.0,0.0,0.0,-0.8528127269752024,0.5222168636774561,-2.0426959315286086
407,1774840954.4869146,map,base_footprint,2.8078931968882257,-0.08971547868911944,0.0,0.0,0.0,0.8861645430889873,-0.4633706967125634,-2.1780024051675166
408,1774840977.9569354,map,base_footprint,2.7892043503376387,-0.11927586780490085,0.0,0.0,0.0,0.9105574089818016,-0.4133826374539069,-2.2892609499464602
409,1774840980.7329428,map,base_footprint,2.7597365370556504,-0.15612973973782796,0.0,0.0,0.0,0.9417367339254472,-0.3363508941201607,-2.455513984776272
410,1774840983.228929,map,base_footprint,2.733628402222055,-0.1794189738175661,0.0,0.0,0.0,0.9704548005246533,-0.24128298766936618,-2.6542172894825864
411,1774840984.9634628,map,base_footprint,2.7034054765919744,-0.1905393866973733,0.0,0.0,0.0,0.9863019121155167,-0.1649501080850678,-2.810177801059517
412,1774840987.1482089,map,base_footprint,2.6721183013992644,-0.2001430246334293,0.0,0.0,0.0,0.9911312225410198,-0.13288679281382096,-2.875030574467211
413,1774840994.3659315,map,base_footprint,2.642237906257546,-0.2217500647984677,0.0,0.0,0.0,0.9986825784440007,-0.0513138140508246,-3.0389199337754977
